"productId","slug","productSku","sku","supplierSku","size","color","cost","retailPrice","wholesalePrice","barcode","verifiedStock","warehouse","reorderPoint","leadTimeDays","weightKg","lengthCm","widthCm","heightCm","hsCode","countryOfOrigin","readyToShip"
"goat-nike-kobe-3-protro-halo","nike-kobe-3-protro-halo","GOAT-K03-01","GOAT-K03-01-LISTED-COLORWAY-7","","7","listed-colorway","","135","","","","","3","","","","","","","","false"
"goat-nike-kobe-3-protro-halo","nike-kobe-3-protro-halo","GOAT-K03-01","GOAT-K03-01-LISTED-COLORWAY-75","","7.5","listed-colorway","","135","","","","","3","","","","","","","","false"
"goat-nike-kobe-3-protro-halo","nike-kobe-3-protro-halo","GOAT-K03-01","GOAT-K03-01-LISTED-COLORWAY-8","","8","listed-colorway","","135","","","","","3","","","","","","","","false"
"goat-nike-kobe-3-protro-halo","nike-kobe-3-protro-halo","GOAT-K03-01","GOAT-K03-01-LISTED-COLORWAY-85","","8.5","listed-colorway","","135","","","","","3","","","","","","","","false"
"goat-nike-kobe-3-protro-halo","nike-kobe-3-protro-halo","GOAT-K03-01","GOAT-K03-01-LISTED-COLORWAY-9","","9","listed-colorway","","135","","","","","3","","","","","","","","false"
"goat-nike-kobe-3-protro-halo","nike-kobe-3-protro-halo","GOAT-K03-01","GOAT-K03-01-LISTED-COLORWAY-95","","9.5","listed-colorway","","135","","","","","3","","","","","","","","false"
"goat-nike-kobe-3-protro-halo","nike-kobe-3-protro-halo","GOAT-K03-01","GOAT-K03-01-LISTED-COLORWAY-10","","10","listed-colorway","","135","","","","","3","","","","","","","","false"
"goat-nike-kobe-3-protro-halo","nike-kobe-3-protro-halo","GOAT-K03-01","GOAT-K03-01-LISTED-COLORWAY-105","","10.5","listed-colorway","","135","","","","","3","","","","","","","","false"
"goat-nike-kobe-3-protro-halo","nike-kobe-3-protro-halo","GOAT-K03-01","GOAT-K03-01-LISTED-COLORWAY-11","","11","listed-colorway","","135","","","","","3","","","","","","","","false"
"goat-nike-kobe-3-protro-halo","nike-kobe-3-protro-halo","GOAT-K03-01","GOAT-K03-01-LISTED-COLORWAY-12","","12","listed-colorway","","135","","","","","3","","","","","","","","false"
"goat-nike-kobe-3-low-protro-warning-label","nike-kobe-3-low-protro-warning-label","GOAT-K03-02","GOAT-K03-02-LISTED-COLORWAY-7","","7","listed-colorway","","135","","","","","3","","","","","","","","false"
"goat-nike-kobe-3-low-protro-warning-label","nike-kobe-3-low-protro-warning-label","GOAT-K03-02","GOAT-K03-02-LISTED-COLORWAY-75","","7.5","listed-colorway","","135","","","","","3","","","","","","","","false"
"goat-nike-kobe-3-low-protro-warning-label","nike-kobe-3-low-protro-warning-label","GOAT-K03-02","GOAT-K03-02-LISTED-COLORWAY-8","","8","listed-colorway","","135","","","","","3","","","","","","","","false"
"goat-nike-kobe-3-low-protro-warning-label","nike-kobe-3-low-protro-warning-label","GOAT-K03-02","GOAT-K03-02-LISTED-COLORWAY-85","","8.5","listed-colorway","","135","","","","","3","","","","","","","","false"
"goat-nike-kobe-3-low-protro-warning-label","nike-kobe-3-low-protro-warning-label","GOAT-K03-02","GOAT-K03-02-LISTED-COLORWAY-9","","9","listed-colorway","","135","","","","","3","","","","","","","","false"
"goat-nike-kobe-3-low-protro-warning-label","nike-kobe-3-low-protro-warning-label","GOAT-K03-02","GOAT-K03-02-LISTED-COLORWAY-95","","9.5","listed-colorway","","135","","","","","3","","","","","","","","false"
"goat-nike-kobe-3-low-protro-warning-label","nike-kobe-3-low-protro-warning-label","GOAT-K03-02","GOAT-K03-02-LISTED-COLORWAY-10","","10","listed-colorway","","135","","","","","3","","","","","","","","false"
"goat-nike-kobe-3-low-protro-warning-label","nike-kobe-3-low-protro-warning-label","GOAT-K03-02","GOAT-K03-02-LISTED-COLORWAY-105","","10.5","listed-colorway","","135","","","","","3","","","","","","","","false"
"goat-nike-kobe-3-low-protro-warning-label","nike-kobe-3-low-protro-warning-label","GOAT-K03-02","GOAT-K03-02-LISTED-COLORWAY-11","","11","listed-colorway","","135","","","","","3","","","","","","","","false"
"goat-nike-kobe-3-low-protro-warning-label","nike-kobe-3-low-protro-warning-label","GOAT-K03-02","GOAT-K03-02-LISTED-COLORWAY-12","","12","listed-colorway","","135","","","","","3","","","","","","","","false"
"goat-nike-zoom-kobe-3-mpls","nike-zoom-kobe-3-mpls","GOAT-K03-03","GOAT-K03-03-LISTED-COLORWAY-7","","7","listed-colorway","","135","","","","","3","","","","","","","","false"
"goat-nike-zoom-kobe-3-mpls","nike-zoom-kobe-3-mpls","GOAT-K03-03","GOAT-K03-03-LISTED-COLORWAY-75","","7.5","listed-colorway","","135","","","","","3","","","","","","","","false"
"goat-nike-zoom-kobe-3-mpls","nike-zoom-kobe-3-mpls","GOAT-K03-03","GOAT-K03-03-LISTED-COLORWAY-8","","8","listed-colorway","","135","","","","","3","","","","","","","","false"
"goat-nike-zoom-kobe-3-mpls","nike-zoom-kobe-3-mpls","GOAT-K03-03","GOAT-K03-03-LISTED-COLORWAY-85","","8.5","listed-colorway","","135","","","","","3","","","","","","","","false"
"goat-nike-zoom-kobe-3-mpls","nike-zoom-kobe-3-mpls","GOAT-K03-03","GOAT-K03-03-LISTED-COLORWAY-9","","9","listed-colorway","","135","","","","","3","","","","","","","","false"
"goat-nike-zoom-kobe-3-mpls","nike-zoom-kobe-3-mpls","GOAT-K03-03","GOAT-K03-03-LISTED-COLORWAY-95","","9.5","listed-colorway","","135","","","","","3","","","","","","","","false"
"goat-nike-zoom-kobe-3-mpls","nike-zoom-kobe-3-mpls","GOAT-K03-03","GOAT-K03-03-LISTED-COLORWAY-10","","10","listed-colorway","","135","","","","","3","","","","","","","","false"
"goat-nike-zoom-kobe-3-mpls","nike-zoom-kobe-3-mpls","GOAT-K03-03","GOAT-K03-03-LISTED-COLORWAY-105","","10.5","listed-colorway","","135","","","","","3","","","","","","","","false"
"goat-nike-zoom-kobe-3-mpls","nike-zoom-kobe-3-mpls","GOAT-K03-03","GOAT-K03-03-LISTED-COLORWAY-11","","11","listed-colorway","","135","","","","","3","","","","","","","","false"
"goat-nike-zoom-kobe-3-mpls","nike-zoom-kobe-3-mpls","GOAT-K03-03","GOAT-K03-03-LISTED-COLORWAY-12","","12","listed-colorway","","135","","","","","3","","","","","","","","false"
"goat-nike-kobe-3-protro-christmas","nike-kobe-3-protro-christmas","GOAT-K03-04","GOAT-K03-04-LISTED-COLORWAY-7","","7","listed-colorway","","135","","","","","3","","","","","","","","false"
"goat-nike-kobe-3-protro-christmas","nike-kobe-3-protro-christmas","GOAT-K03-04","GOAT-K03-04-LISTED-COLORWAY-75","","7.5","listed-colorway","","135","","","","","3","","","","","","","","false"
"goat-nike-kobe-3-protro-christmas","nike-kobe-3-protro-christmas","GOAT-K03-04","GOAT-K03-04-LISTED-COLORWAY-8","","8","listed-colorway","","135","","","","","3","","","","","","","","false"
"goat-nike-kobe-3-protro-christmas","nike-kobe-3-protro-christmas","GOAT-K03-04","GOAT-K03-04-LISTED-COLORWAY-85","","8.5","listed-colorway","","135","","","","","3","","","","","","","","false"
"goat-nike-kobe-3-protro-christmas","nike-kobe-3-protro-christmas","GOAT-K03-04","GOAT-K03-04-LISTED-COLORWAY-9","","9","listed-colorway","","135","","","","","3","","","","","","","","false"
"goat-nike-kobe-3-protro-christmas","nike-kobe-3-protro-christmas","GOAT-K03-04","GOAT-K03-04-LISTED-COLORWAY-95","","9.5","listed-colorway","","135","","","","","3","","","","","","","","false"
"goat-nike-kobe-3-protro-christmas","nike-kobe-3-protro-christmas","GOAT-K03-04","GOAT-K03-04-LISTED-COLORWAY-10","","10","listed-colorway","","135","","","","","3","","","","","","","","false"
"goat-nike-kobe-3-protro-christmas","nike-kobe-3-protro-christmas","GOAT-K03-04","GOAT-K03-04-LISTED-COLORWAY-105","","10.5","listed-colorway","","135","","","","","3","","","","","","","","false"
"goat-nike-kobe-3-protro-christmas","nike-kobe-3-protro-christmas","GOAT-K03-04","GOAT-K03-04-LISTED-COLORWAY-11","","11","listed-colorway","","135","","","","","3","","","","","","","","false"
"goat-nike-kobe-3-protro-christmas","nike-kobe-3-protro-christmas","GOAT-K03-04","GOAT-K03-04-LISTED-COLORWAY-12","","12","listed-colorway","","135","","","","","3","","","","","","","","false"
"goat-nike-zoom-kobe-3-lakers","nike-zoom-kobe-3-lakers","GOAT-K03-05","GOAT-K03-05-LISTED-COLORWAY-7","","7","listed-colorway","","135","","","","","3","","","","","","","","false"
"goat-nike-zoom-kobe-3-lakers","nike-zoom-kobe-3-lakers","GOAT-K03-05","GOAT-K03-05-LISTED-COLORWAY-75","","7.5","listed-colorway","","135","","","","","3","","","","","","","","false"
"goat-nike-zoom-kobe-3-lakers","nike-zoom-kobe-3-lakers","GOAT-K03-05","GOAT-K03-05-LISTED-COLORWAY-8","","8","listed-colorway","","135","","","","","3","","","","","","","","false"
"goat-nike-zoom-kobe-3-lakers","nike-zoom-kobe-3-lakers","GOAT-K03-05","GOAT-K03-05-LISTED-COLORWAY-85","","8.5","listed-colorway","","135","","","","","3","","","","","","","","false"
"goat-nike-zoom-kobe-3-lakers","nike-zoom-kobe-3-lakers","GOAT-K03-05","GOAT-K03-05-LISTED-COLORWAY-9","","9","listed-colorway","","135","","","","","3","","","","","","","","false"
"goat-nike-zoom-kobe-3-lakers","nike-zoom-kobe-3-lakers","GOAT-K03-05","GOAT-K03-05-LISTED-COLORWAY-95","","9.5","listed-colorway","","135","","","","","3","","","","","","","","false"
"goat-nike-zoom-kobe-3-lakers","nike-zoom-kobe-3-lakers","GOAT-K03-05","GOAT-K03-05-LISTED-COLORWAY-10","","10","listed-colorway","","135","","","","","3","","","","","","","","false"
"goat-nike-zoom-kobe-3-lakers","nike-zoom-kobe-3-lakers","GOAT-K03-05","GOAT-K03-05-LISTED-COLORWAY-105","","10.5","listed-colorway","","135","","","","","3","","","","","","","","false"
"goat-nike-zoom-kobe-3-lakers","nike-zoom-kobe-3-lakers","GOAT-K03-05","GOAT-K03-05-LISTED-COLORWAY-11","","11","listed-colorway","","135","","","","","3","","","","","","","","false"
"goat-nike-zoom-kobe-3-lakers","nike-zoom-kobe-3-lakers","GOAT-K03-05","GOAT-K03-05-LISTED-COLORWAY-12","","12","listed-colorway","","135","","","","","3","","","","","","","","false"
"goat-nike-kobe-4-protro-mambacita","nike-kobe-4-protro-mambacita","GOAT-K04-01","GOAT-K04-01-LISTED-COLORWAY-7","","7","listed-colorway","","135","","","","","3","","","","","","","","false"
"goat-nike-kobe-4-protro-mambacita","nike-kobe-4-protro-mambacita","GOAT-K04-01","GOAT-K04-01-LISTED-COLORWAY-75","","7.5","listed-colorway","","135","","","","","3","","","","","","","","false"
"goat-nike-kobe-4-protro-mambacita","nike-kobe-4-protro-mambacita","GOAT-K04-01","GOAT-K04-01-LISTED-COLORWAY-8","","8","listed-colorway","","135","","","","","3","","","","","","","","false"
"goat-nike-kobe-4-protro-mambacita","nike-kobe-4-protro-mambacita","GOAT-K04-01","GOAT-K04-01-LISTED-COLORWAY-85","","8.5","listed-colorway","","135","","","","","3","","","","","","","","false"
"goat-nike-kobe-4-protro-mambacita","nike-kobe-4-protro-mambacita","GOAT-K04-01","GOAT-K04-01-LISTED-COLORWAY-9","","9","listed-colorway","","135","","","","","3","","","","","","","","false"
"goat-nike-kobe-4-protro-mambacita","nike-kobe-4-protro-mambacita","GOAT-K04-01","GOAT-K04-01-LISTED-COLORWAY-95","","9.5","listed-colorway","","135","","","","","3","","","","","","","","false"
"goat-nike-kobe-4-protro-mambacita","nike-kobe-4-protro-mambacita","GOAT-K04-01","GOAT-K04-01-LISTED-COLORWAY-10","","10","listed-colorway","","135","","","","","3","","","","","","","","false"
"goat-nike-kobe-4-protro-mambacita","nike-kobe-4-protro-mambacita","GOAT-K04-01","GOAT-K04-01-LISTED-COLORWAY-105","","10.5","listed-colorway","","135","","","","","3","","","","","","","","false"
"goat-nike-kobe-4-protro-mambacita","nike-kobe-4-protro-mambacita","GOAT-K04-01","GOAT-K04-01-LISTED-COLORWAY-11","","11","listed-colorway","","135","","","","","3","","","","","","","","false"
"goat-nike-kobe-4-protro-mambacita","nike-kobe-4-protro-mambacita","GOAT-K04-01","GOAT-K04-01-LISTED-COLORWAY-12","","12","listed-colorway","","135","","","","","3","","","","","","","","false"
"goat-nike-kobe-4-protro-gold-medal-2024","nike-kobe-4-protro-gold-medal-2024","GOAT-K04-02","GOAT-K04-02-LISTED-COLORWAY-7","","7","listed-colorway","","135","","","","","3","","","","","","","","false"
"goat-nike-kobe-4-protro-gold-medal-2024","nike-kobe-4-protro-gold-medal-2024","GOAT-K04-02","GOAT-K04-02-LISTED-COLORWAY-75","","7.5","listed-colorway","","135","","","","","3","","","","","","","","false"
"goat-nike-kobe-4-protro-gold-medal-2024","nike-kobe-4-protro-gold-medal-2024","GOAT-K04-02","GOAT-K04-02-LISTED-COLORWAY-8","","8","listed-colorway","","135","","","","","3","","","","","","","","false"
"goat-nike-kobe-4-protro-gold-medal-2024","nike-kobe-4-protro-gold-medal-2024","GOAT-K04-02","GOAT-K04-02-LISTED-COLORWAY-85","","8.5","listed-colorway","","135","","","","","3","","","","","","","","false"
"goat-nike-kobe-4-protro-gold-medal-2024","nike-kobe-4-protro-gold-medal-2024","GOAT-K04-02","GOAT-K04-02-LISTED-COLORWAY-9","","9","listed-colorway","","135","","","","","3","","","","","","","","false"
"goat-nike-kobe-4-protro-gold-medal-2024","nike-kobe-4-protro-gold-medal-2024","GOAT-K04-02","GOAT-K04-02-LISTED-COLORWAY-95","","9.5","listed-colorway","","135","","","","","3","","","","","","","","false"
"goat-nike-kobe-4-protro-gold-medal-2024","nike-kobe-4-protro-gold-medal-2024","GOAT-K04-02","GOAT-K04-02-LISTED-COLORWAY-10","","10","listed-colorway","","135","","","","","3","","","","","","","","false"
"goat-nike-kobe-4-protro-gold-medal-2024","nike-kobe-4-protro-gold-medal-2024","GOAT-K04-02","GOAT-K04-02-LISTED-COLORWAY-105","","10.5","listed-colorway","","135","","","","","3","","","","","","","","false"
"goat-nike-kobe-4-protro-gold-medal-2024","nike-kobe-4-protro-gold-medal-2024","GOAT-K04-02","GOAT-K04-02-LISTED-COLORWAY-11","","11","listed-colorway","","135","","","","","3","","","","","","","","false"
"goat-nike-kobe-4-protro-gold-medal-2024","nike-kobe-4-protro-gold-medal-2024","GOAT-K04-02","GOAT-K04-02-LISTED-COLORWAY-12","","12","listed-colorway","","135","","","","","3","","","","","","","","false"
"goat-nike-kobe-4-protro-gift-of-mamba","nike-kobe-4-protro-gift-of-mamba","GOAT-K04-03","GOAT-K04-03-LISTED-COLORWAY-7","","7","listed-colorway","","135","","","","","3","","","","","","","","false"
"goat-nike-kobe-4-protro-gift-of-mamba","nike-kobe-4-protro-gift-of-mamba","GOAT-K04-03","GOAT-K04-03-LISTED-COLORWAY-75","","7.5","listed-colorway","","135","","","","","3","","","","","","","","false"
"goat-nike-kobe-4-protro-gift-of-mamba","nike-kobe-4-protro-gift-of-mamba","GOAT-K04-03","GOAT-K04-03-LISTED-COLORWAY-8","","8","listed-colorway","","135","","","","","3","","","","","","","","false"
"goat-nike-kobe-4-protro-gift-of-mamba","nike-kobe-4-protro-gift-of-mamba","GOAT-K04-03","GOAT-K04-03-LISTED-COLORWAY-85","","8.5","listed-colorway","","135","","","","","3","","","","","","","","false"
"goat-nike-kobe-4-protro-gift-of-mamba","nike-kobe-4-protro-gift-of-mamba","GOAT-K04-03","GOAT-K04-03-LISTED-COLORWAY-9","","9","listed-colorway","","135","","","","","3","","","","","","","","false"
"goat-nike-kobe-4-protro-gift-of-mamba","nike-kobe-4-protro-gift-of-mamba","GOAT-K04-03","GOAT-K04-03-LISTED-COLORWAY-95","","9.5","listed-colorway","","135","","","","","3","","","","","","","","false"
"goat-nike-kobe-4-protro-gift-of-mamba","nike-kobe-4-protro-gift-of-mamba","GOAT-K04-03","GOAT-K04-03-LISTED-COLORWAY-10","","10","listed-colorway","","135","","","","","3","","","","","","","","false"
"goat-nike-kobe-4-protro-gift-of-mamba","nike-kobe-4-protro-gift-of-mamba","GOAT-K04-03","GOAT-K04-03-LISTED-COLORWAY-105","","10.5","listed-colorway","","135","","","","","3","","","","","","","","false"
"goat-nike-kobe-4-protro-gift-of-mamba","nike-kobe-4-protro-gift-of-mamba","GOAT-K04-03","GOAT-K04-03-LISTED-COLORWAY-11","","11","listed-colorway","","135","","","","","3","","","","","","","","false"
"goat-nike-kobe-4-protro-gift-of-mamba","nike-kobe-4-protro-gift-of-mamba","GOAT-K04-03","GOAT-K04-03-LISTED-COLORWAY-12","","12","listed-colorway","","135","","","","","3","","","","","","","","false"
"goat-nike-kobe-4-protro-girl-dad","nike-kobe-4-protro-girl-dad","GOAT-K04-04","GOAT-K04-04-LISTED-COLORWAY-7","","7","listed-colorway","","135","","","","","3","","","","","","","","false"
"goat-nike-kobe-4-protro-girl-dad","nike-kobe-4-protro-girl-dad","GOAT-K04-04","GOAT-K04-04-LISTED-COLORWAY-75","","7.5","listed-colorway","","135","","","","","3","","","","","","","","false"
"goat-nike-kobe-4-protro-girl-dad","nike-kobe-4-protro-girl-dad","GOAT-K04-04","GOAT-K04-04-LISTED-COLORWAY-8","","8","listed-colorway","","135","","","","","3","","","","","","","","false"
"goat-nike-kobe-4-protro-girl-dad","nike-kobe-4-protro-girl-dad","GOAT-K04-04","GOAT-K04-04-LISTED-COLORWAY-85","","8.5","listed-colorway","","135","","","","","3","","","","","","","","false"
"goat-nike-kobe-4-protro-girl-dad","nike-kobe-4-protro-girl-dad","GOAT-K04-04","GOAT-K04-04-LISTED-COLORWAY-9","","9","listed-colorway","","135","","","","","3","","","","","","","","false"
"goat-nike-kobe-4-protro-girl-dad","nike-kobe-4-protro-girl-dad","GOAT-K04-04","GOAT-K04-04-LISTED-COLORWAY-95","","9.5","listed-colorway","","135","","","","","3","","","","","","","","false"
"goat-nike-kobe-4-protro-girl-dad","nike-kobe-4-protro-girl-dad","GOAT-K04-04","GOAT-K04-04-LISTED-COLORWAY-10","","10","listed-colorway","","135","","","","","3","","","","","","","","false"
"goat-nike-kobe-4-protro-girl-dad","nike-kobe-4-protro-girl-dad","GOAT-K04-04","GOAT-K04-04-LISTED-COLORWAY-105","","10.5","listed-colorway","","135","","","","","3","","","","","","","","false"
"goat-nike-kobe-4-protro-girl-dad","nike-kobe-4-protro-girl-dad","GOAT-K04-04","GOAT-K04-04-LISTED-COLORWAY-11","","11","listed-colorway","","135","","","","","3","","","","","","","","false"
"goat-nike-kobe-4-protro-girl-dad","nike-kobe-4-protro-girl-dad","GOAT-K04-04","GOAT-K04-04-LISTED-COLORWAY-12","","12","listed-colorway","","135","","","","","3","","","","","","","","false"
"goat-nike-kobe-4-protro-philly-2024","nike-kobe-4-protro-philly-2024","GOAT-K04-05","GOAT-K04-05-LISTED-COLORWAY-7","","7","listed-colorway","","135","","","","","3","","","","","","","","false"
"goat-nike-kobe-4-protro-philly-2024","nike-kobe-4-protro-philly-2024","GOAT-K04-05","GOAT-K04-05-LISTED-COLORWAY-75","","7.5","listed-colorway","","135","","","","","3","","","","","","","","false"
"goat-nike-kobe-4-protro-philly-2024","nike-kobe-4-protro-philly-2024","GOAT-K04-05","GOAT-K04-05-LISTED-COLORWAY-8","","8","listed-colorway","","135","","","","","3","","","","","","","","false"
"goat-nike-kobe-4-protro-philly-2024","nike-kobe-4-protro-philly-2024","GOAT-K04-05","GOAT-K04-05-LISTED-COLORWAY-85","","8.5","listed-colorway","","135","","","","","3","","","","","","","","false"
"goat-nike-kobe-4-protro-philly-2024","nike-kobe-4-protro-philly-2024","GOAT-K04-05","GOAT-K04-05-LISTED-COLORWAY-9","","9","listed-colorway","","135","","","","","3","","","","","","","","false"
"goat-nike-kobe-4-protro-philly-2024","nike-kobe-4-protro-philly-2024","GOAT-K04-05","GOAT-K04-05-LISTED-COLORWAY-95","","9.5","listed-colorway","","135","","","","","3","","","","","","","","false"
"goat-nike-kobe-4-protro-philly-2024","nike-kobe-4-protro-philly-2024","GOAT-K04-05","GOAT-K04-05-LISTED-COLORWAY-10","","10","listed-colorway","","135","","","","","3","","","","","","","","false"
"goat-nike-kobe-4-protro-philly-2024","nike-kobe-4-protro-philly-2024","GOAT-K04-05","GOAT-K04-05-LISTED-COLORWAY-105","","10.5","listed-colorway","","135","","","","","3","","","","","","","","false"
"goat-nike-kobe-4-protro-philly-2024","nike-kobe-4-protro-philly-2024","GOAT-K04-05","GOAT-K04-05-LISTED-COLORWAY-11","","11","listed-colorway","","135","","","","","3","","","","","","","","false"
"goat-nike-kobe-4-protro-philly-2024","nike-kobe-4-protro-philly-2024","GOAT-K04-05","GOAT-K04-05-LISTED-COLORWAY-12","","12","listed-colorway","","135","","","","","3","","","","","","","","false"
"goat-nike-kobe-5-protro-year-of-the-mamba-eggplant","nike-kobe-5-protro-year-of-the-mamba-eggplant","GOAT-K05-01","GOAT-K05-01-LISTED-COLORWAY-7","","7","listed-colorway","","135","","","","","3","","","","","","","","false"
"goat-nike-kobe-5-protro-year-of-the-mamba-eggplant","nike-kobe-5-protro-year-of-the-mamba-eggplant","GOAT-K05-01","GOAT-K05-01-LISTED-COLORWAY-75","","7.5","listed-colorway","","135","","","","","3","","","","","","","","false"
"goat-nike-kobe-5-protro-year-of-the-mamba-eggplant","nike-kobe-5-protro-year-of-the-mamba-eggplant","GOAT-K05-01","GOAT-K05-01-LISTED-COLORWAY-8","","8","listed-colorway","","135","","","","","3","","","","","","","","false"
"goat-nike-kobe-5-protro-year-of-the-mamba-eggplant","nike-kobe-5-protro-year-of-the-mamba-eggplant","GOAT-K05-01","GOAT-K05-01-LISTED-COLORWAY-85","","8.5","listed-colorway","","135","","","","","3","","","","","","","","false"
"goat-nike-kobe-5-protro-year-of-the-mamba-eggplant","nike-kobe-5-protro-year-of-the-mamba-eggplant","GOAT-K05-01","GOAT-K05-01-LISTED-COLORWAY-9","","9","listed-colorway","","135","","","","","3","","","","","","","","false"
"goat-nike-kobe-5-protro-year-of-the-mamba-eggplant","nike-kobe-5-protro-year-of-the-mamba-eggplant","GOAT-K05-01","GOAT-K05-01-LISTED-COLORWAY-95","","9.5","listed-colorway","","135","","","","","3","","","","","","","","false"
"goat-nike-kobe-5-protro-year-of-the-mamba-eggplant","nike-kobe-5-protro-year-of-the-mamba-eggplant","GOAT-K05-01","GOAT-K05-01-LISTED-COLORWAY-10","","10","listed-colorway","","135","","","","","3","","","","","","","","false"
"goat-nike-kobe-5-protro-year-of-the-mamba-eggplant","nike-kobe-5-protro-year-of-the-mamba-eggplant","GOAT-K05-01","GOAT-K05-01-LISTED-COLORWAY-105","","10.5","listed-colorway","","135","","","","","3","","","","","","","","false"
"goat-nike-kobe-5-protro-year-of-the-mamba-eggplant","nike-kobe-5-protro-year-of-the-mamba-eggplant","GOAT-K05-01","GOAT-K05-01-LISTED-COLORWAY-11","","11","listed-colorway","","135","","","","","3","","","","","","","","false"
"goat-nike-kobe-5-protro-year-of-the-mamba-eggplant","nike-kobe-5-protro-year-of-the-mamba-eggplant","GOAT-K05-01","GOAT-K05-01-LISTED-COLORWAY-12","","12","listed-colorway","","135","","","","","3","","","","","","","","false"
"goat-nike-kobe-5-protro-lower-merion-aces-2026","nike-kobe-5-protro-lower-merion-aces-2026","GOAT-K05-02","GOAT-K05-02-LISTED-COLORWAY-7","","7","listed-colorway","","135","","","","","3","","","","","","","","false"
"goat-nike-kobe-5-protro-lower-merion-aces-2026","nike-kobe-5-protro-lower-merion-aces-2026","GOAT-K05-02","GOAT-K05-02-LISTED-COLORWAY-75","","7.5","listed-colorway","","135","","","","","3","","","","","","","","false"
"goat-nike-kobe-5-protro-lower-merion-aces-2026","nike-kobe-5-protro-lower-merion-aces-2026","GOAT-K05-02","GOAT-K05-02-LISTED-COLORWAY-8","","8","listed-colorway","","135","","","","","3","","","","","","","","false"
"goat-nike-kobe-5-protro-lower-merion-aces-2026","nike-kobe-5-protro-lower-merion-aces-2026","GOAT-K05-02","GOAT-K05-02-LISTED-COLORWAY-85","","8.5","listed-colorway","","135","","","","","3","","","","","","","","false"
"goat-nike-kobe-5-protro-lower-merion-aces-2026","nike-kobe-5-protro-lower-merion-aces-2026","GOAT-K05-02","GOAT-K05-02-LISTED-COLORWAY-9","","9","listed-colorway","","135","","","","","3","","","","","","","","false"
"goat-nike-kobe-5-protro-lower-merion-aces-2026","nike-kobe-5-protro-lower-merion-aces-2026","GOAT-K05-02","GOAT-K05-02-LISTED-COLORWAY-95","","9.5","listed-colorway","","135","","","","","3","","","","","","","","false"
"goat-nike-kobe-5-protro-lower-merion-aces-2026","nike-kobe-5-protro-lower-merion-aces-2026","GOAT-K05-02","GOAT-K05-02-LISTED-COLORWAY-10","","10","listed-colorway","","135","","","","","3","","","","","","","","false"
"goat-nike-kobe-5-protro-lower-merion-aces-2026","nike-kobe-5-protro-lower-merion-aces-2026","GOAT-K05-02","GOAT-K05-02-LISTED-COLORWAY-105","","10.5","listed-colorway","","135","","","","","3","","","","","","","","false"
"goat-nike-kobe-5-protro-lower-merion-aces-2026","nike-kobe-5-protro-lower-merion-aces-2026","GOAT-K05-02","GOAT-K05-02-LISTED-COLORWAY-11","","11","listed-colorway","","135","","","","","3","","","","","","","","false"
"goat-nike-kobe-5-protro-lower-merion-aces-2026","nike-kobe-5-protro-lower-merion-aces-2026","GOAT-K05-02","GOAT-K05-02-LISTED-COLORWAY-12","","12","listed-colorway","","135","","","","","3","","","","","","","","false"
"goat-nike-kobe-5-protro-dodgers","nike-kobe-5-protro-dodgers","GOAT-K05-03","GOAT-K05-03-LISTED-COLORWAY-7","","7","listed-colorway","","135","","","","","3","","","","","","","","false"
"goat-nike-kobe-5-protro-dodgers","nike-kobe-5-protro-dodgers","GOAT-K05-03","GOAT-K05-03-LISTED-COLORWAY-75","","7.5","listed-colorway","","135","","","","","3","","","","","","","","false"
"goat-nike-kobe-5-protro-dodgers","nike-kobe-5-protro-dodgers","GOAT-K05-03","GOAT-K05-03-LISTED-COLORWAY-8","","8","listed-colorway","","135","","","","","3","","","","","","","","false"
"goat-nike-kobe-5-protro-dodgers","nike-kobe-5-protro-dodgers","GOAT-K05-03","GOAT-K05-03-LISTED-COLORWAY-85","","8.5","listed-colorway","","135","","","","","3","","","","","","","","false"
"goat-nike-kobe-5-protro-dodgers","nike-kobe-5-protro-dodgers","GOAT-K05-03","GOAT-K05-03-LISTED-COLORWAY-9","","9","listed-colorway","","135","","","","","3","","","","","","","","false"
"goat-nike-kobe-5-protro-dodgers","nike-kobe-5-protro-dodgers","GOAT-K05-03","GOAT-K05-03-LISTED-COLORWAY-95","","9.5","listed-colorway","","135","","","","","3","","","","","","","","false"
"goat-nike-kobe-5-protro-dodgers","nike-kobe-5-protro-dodgers","GOAT-K05-03","GOAT-K05-03-LISTED-COLORWAY-10","","10","listed-colorway","","135","","","","","3","","","","","","","","false"
"goat-nike-kobe-5-protro-dodgers","nike-kobe-5-protro-dodgers","GOAT-K05-03","GOAT-K05-03-LISTED-COLORWAY-105","","10.5","listed-colorway","","135","","","","","3","","","","","","","","false"
"goat-nike-kobe-5-protro-dodgers","nike-kobe-5-protro-dodgers","GOAT-K05-03","GOAT-K05-03-LISTED-COLORWAY-11","","11","listed-colorway","","135","","","","","3","","","","","","","","false"
"goat-nike-kobe-5-protro-dodgers","nike-kobe-5-protro-dodgers","GOAT-K05-03","GOAT-K05-03-LISTED-COLORWAY-12","","12","listed-colorway","","135","","","","","3","","","","","","","","false"
"goat-nike-kobe-5-protro-chaos-2020","nike-kobe-5-protro-chaos-2020","GOAT-K05-04","GOAT-K05-04-LISTED-COLORWAY-7","","7","listed-colorway","","135","","","","","3","","","","","","","","false"
"goat-nike-kobe-5-protro-chaos-2020","nike-kobe-5-protro-chaos-2020","GOAT-K05-04","GOAT-K05-04-LISTED-COLORWAY-75","","7.5","listed-colorway","","135","","","","","3","","","","","","","","false"
"goat-nike-kobe-5-protro-chaos-2020","nike-kobe-5-protro-chaos-2020","GOAT-K05-04","GOAT-K05-04-LISTED-COLORWAY-8","","8","listed-colorway","","135","","","","","3","","","","","","","","false"
"goat-nike-kobe-5-protro-chaos-2020","nike-kobe-5-protro-chaos-2020","GOAT-K05-04","GOAT-K05-04-LISTED-COLORWAY-85","","8.5","listed-colorway","","135","","","","","3","","","","","","","","false"
"goat-nike-kobe-5-protro-chaos-2020","nike-kobe-5-protro-chaos-2020","GOAT-K05-04","GOAT-K05-04-LISTED-COLORWAY-9","","9","listed-colorway","","135","","","","","3","","","","","","","","false"
"goat-nike-kobe-5-protro-chaos-2020","nike-kobe-5-protro-chaos-2020","GOAT-K05-04","GOAT-K05-04-LISTED-COLORWAY-95","","9.5","listed-colorway","","135","","","","","3","","","","","","","","false"
"goat-nike-kobe-5-protro-chaos-2020","nike-kobe-5-protro-chaos-2020","GOAT-K05-04","GOAT-K05-04-LISTED-COLORWAY-10","","10","listed-colorway","","135","","","","","3","","","","","","","","false"
"goat-nike-kobe-5-protro-chaos-2020","nike-kobe-5-protro-chaos-2020","GOAT-K05-04","GOAT-K05-04-LISTED-COLORWAY-105","","10.5","listed-colorway","","135","","","","","3","","","","","","","","false"
"goat-nike-kobe-5-protro-chaos-2020","nike-kobe-5-protro-chaos-2020","GOAT-K05-04","GOAT-K05-04-LISTED-COLORWAY-11","","11","listed-colorway","","135","","","","","3","","","","","","","","false"
"goat-nike-kobe-5-protro-chaos-2020","nike-kobe-5-protro-chaos-2020","GOAT-K05-04","GOAT-K05-04-LISTED-COLORWAY-12","","12","listed-colorway","","135","","","","","3","","","","","","","","false"
"goat-nike-kobe-5-protro-x-ray","nike-kobe-5-protro-x-ray","GOAT-K05-05","GOAT-K05-05-LISTED-COLORWAY-7","","7","listed-colorway","","135","","","","","3","","","","","","","","false"
"goat-nike-kobe-5-protro-x-ray","nike-kobe-5-protro-x-ray","GOAT-K05-05","GOAT-K05-05-LISTED-COLORWAY-75","","7.5","listed-colorway","","135","","","","","3","","","","","","","","false"
"goat-nike-kobe-5-protro-x-ray","nike-kobe-5-protro-x-ray","GOAT-K05-05","GOAT-K05-05-LISTED-COLORWAY-8","","8","listed-colorway","","135","","","","","3","","","","","","","","false"
"goat-nike-kobe-5-protro-x-ray","nike-kobe-5-protro-x-ray","GOAT-K05-05","GOAT-K05-05-LISTED-COLORWAY-85","","8.5","listed-colorway","","135","","","","","3","","","","","","","","false"
"goat-nike-kobe-5-protro-x-ray","nike-kobe-5-protro-x-ray","GOAT-K05-05","GOAT-K05-05-LISTED-COLORWAY-9","","9","listed-colorway","","135","","","","","3","","","","","","","","false"
"goat-nike-kobe-5-protro-x-ray","nike-kobe-5-protro-x-ray","GOAT-K05-05","GOAT-K05-05-LISTED-COLORWAY-95","","9.5","listed-colorway","","135","","","","","3","","","","","","","","false"
"goat-nike-kobe-5-protro-x-ray","nike-kobe-5-protro-x-ray","GOAT-K05-05","GOAT-K05-05-LISTED-COLORWAY-10","","10","listed-colorway","","135","","","","","3","","","","","","","","false"
"goat-nike-kobe-5-protro-x-ray","nike-kobe-5-protro-x-ray","GOAT-K05-05","GOAT-K05-05-LISTED-COLORWAY-105","","10.5","listed-colorway","","135","","","","","3","","","","","","","","false"
"goat-nike-kobe-5-protro-x-ray","nike-kobe-5-protro-x-ray","GOAT-K05-05","GOAT-K05-05-LISTED-COLORWAY-11","","11","listed-colorway","","135","","","","","3","","","","","","","","false"
"goat-nike-kobe-5-protro-x-ray","nike-kobe-5-protro-x-ray","GOAT-K05-05","GOAT-K05-05-LISTED-COLORWAY-12","","12","listed-colorway","","135","","","","","3","","","","","","","","false"
"goat-nike-kobe-6-protro-total-orange","nike-kobe-6-protro-total-orange","GOAT-K06-01","GOAT-K06-01-LISTED-COLORWAY-7","","7","listed-colorway","","135","","","","","3","","","","","","","","false"
"goat-nike-kobe-6-protro-total-orange","nike-kobe-6-protro-total-orange","GOAT-K06-01","GOAT-K06-01-LISTED-COLORWAY-75","","7.5","listed-colorway","","135","","","","","3","","","","","","","","false"
"goat-nike-kobe-6-protro-total-orange","nike-kobe-6-protro-total-orange","GOAT-K06-01","GOAT-K06-01-LISTED-COLORWAY-8","","8","listed-colorway","","135","","","","","3","","","","","","","","false"
"goat-nike-kobe-6-protro-total-orange","nike-kobe-6-protro-total-orange","GOAT-K06-01","GOAT-K06-01-LISTED-COLORWAY-85","","8.5","listed-colorway","","135","","","","","3","","","","","","","","false"
"goat-nike-kobe-6-protro-total-orange","nike-kobe-6-protro-total-orange","GOAT-K06-01","GOAT-K06-01-LISTED-COLORWAY-9","","9","listed-colorway","","135","","","","","3","","","","","","","","false"
"goat-nike-kobe-6-protro-total-orange","nike-kobe-6-protro-total-orange","GOAT-K06-01","GOAT-K06-01-LISTED-COLORWAY-95","","9.5","listed-colorway","","135","","","","","3","","","","","","","","false"
"goat-nike-kobe-6-protro-total-orange","nike-kobe-6-protro-total-orange","GOAT-K06-01","GOAT-K06-01-LISTED-COLORWAY-10","","10","listed-colorway","","135","","","","","3","","","","","","","","false"
"goat-nike-kobe-6-protro-total-orange","nike-kobe-6-protro-total-orange","GOAT-K06-01","GOAT-K06-01-LISTED-COLORWAY-105","","10.5","listed-colorway","","135","","","","","3","","","","","","","","false"
"goat-nike-kobe-6-protro-total-orange","nike-kobe-6-protro-total-orange","GOAT-K06-01","GOAT-K06-01-LISTED-COLORWAY-11","","11","listed-colorway","","135","","","","","3","","","","","","","","false"
"goat-nike-kobe-6-protro-total-orange","nike-kobe-6-protro-total-orange","GOAT-K06-01","GOAT-K06-01-LISTED-COLORWAY-12","","12","listed-colorway","","135","","","","","3","","","","","","","","false"
"goat-nike-kobe-6-protro-3d-all-star","nike-kobe-6-protro-3d-all-star","GOAT-K06-02","GOAT-K06-02-LISTED-COLORWAY-7","","7","listed-colorway","","135","","","","","3","","","","","","","","false"
"goat-nike-kobe-6-protro-3d-all-star","nike-kobe-6-protro-3d-all-star","GOAT-K06-02","GOAT-K06-02-LISTED-COLORWAY-75","","7.5","listed-colorway","","135","","","","","3","","","","","","","","false"
"goat-nike-kobe-6-protro-3d-all-star","nike-kobe-6-protro-3d-all-star","GOAT-K06-02","GOAT-K06-02-LISTED-COLORWAY-8","","8","listed-colorway","","135","","","","","3","","","","","","","","false"
"goat-nike-kobe-6-protro-3d-all-star","nike-kobe-6-protro-3d-all-star","GOAT-K06-02","GOAT-K06-02-LISTED-COLORWAY-85","","8.5","listed-colorway","","135","","","","","3","","","","","","","","false"
"goat-nike-kobe-6-protro-3d-all-star","nike-kobe-6-protro-3d-all-star","GOAT-K06-02","GOAT-K06-02-LISTED-COLORWAY-9","","9","listed-colorway","","135","","","","","3","","","","","","","","false"
"goat-nike-kobe-6-protro-3d-all-star","nike-kobe-6-protro-3d-all-star","GOAT-K06-02","GOAT-K06-02-LISTED-COLORWAY-95","","9.5","listed-colorway","","135","","","","","3","","","","","","","","false"
"goat-nike-kobe-6-protro-3d-all-star","nike-kobe-6-protro-3d-all-star","GOAT-K06-02","GOAT-K06-02-LISTED-COLORWAY-10","","10","listed-colorway","","135","","","","","3","","","","","","","","false"
"goat-nike-kobe-6-protro-3d-all-star","nike-kobe-6-protro-3d-all-star","GOAT-K06-02","GOAT-K06-02-LISTED-COLORWAY-105","","10.5","listed-colorway","","135","","","","","3","","","","","","","","false"
"goat-nike-kobe-6-protro-3d-all-star","nike-kobe-6-protro-3d-all-star","GOAT-K06-02","GOAT-K06-02-LISTED-COLORWAY-11","","11","listed-colorway","","135","","","","","3","","","","","","","","false"
"goat-nike-kobe-6-protro-3d-all-star","nike-kobe-6-protro-3d-all-star","GOAT-K06-02","GOAT-K06-02-LISTED-COLORWAY-12","","12","listed-colorway","","135","","","","","3","","","","","","","","false"
"goat-nike-kobe-6-protro-all-star-sail","nike-kobe-6-protro-all-star-sail","GOAT-K06-03","GOAT-K06-03-LISTED-COLORWAY-7","","7","listed-colorway","","135","","","","","3","","","","","","","","false"
"goat-nike-kobe-6-protro-all-star-sail","nike-kobe-6-protro-all-star-sail","GOAT-K06-03","GOAT-K06-03-LISTED-COLORWAY-75","","7.5","listed-colorway","","135","","","","","3","","","","","","","","false"
"goat-nike-kobe-6-protro-all-star-sail","nike-kobe-6-protro-all-star-sail","GOAT-K06-03","GOAT-K06-03-LISTED-COLORWAY-8","","8","listed-colorway","","135","","","","","3","","","","","","","","false"
"goat-nike-kobe-6-protro-all-star-sail","nike-kobe-6-protro-all-star-sail","GOAT-K06-03","GOAT-K06-03-LISTED-COLORWAY-85","","8.5","listed-colorway","","135","","","","","3","","","","","","","","false"
"goat-nike-kobe-6-protro-all-star-sail","nike-kobe-6-protro-all-star-sail","GOAT-K06-03","GOAT-K06-03-LISTED-COLORWAY-9","","9","listed-colorway","","135","","","","","3","","","","","","","","false"
"goat-nike-kobe-6-protro-all-star-sail","nike-kobe-6-protro-all-star-sail","GOAT-K06-03","GOAT-K06-03-LISTED-COLORWAY-95","","9.5","listed-colorway","","135","","","","","3","","","","","","","","false"
"goat-nike-kobe-6-protro-all-star-sail","nike-kobe-6-protro-all-star-sail","GOAT-K06-03","GOAT-K06-03-LISTED-COLORWAY-10","","10","listed-colorway","","135","","","","","3","","","","","","","","false"
"goat-nike-kobe-6-protro-all-star-sail","nike-kobe-6-protro-all-star-sail","GOAT-K06-03","GOAT-K06-03-LISTED-COLORWAY-105","","10.5","listed-colorway","","135","","","","","3","","","","","","","","false"
"goat-nike-kobe-6-protro-all-star-sail","nike-kobe-6-protro-all-star-sail","GOAT-K06-03","GOAT-K06-03-LISTED-COLORWAY-11","","11","listed-colorway","","135","","","","","3","","","","","","","","false"
"goat-nike-kobe-6-protro-all-star-sail","nike-kobe-6-protro-all-star-sail","GOAT-K06-03","GOAT-K06-03-LISTED-COLORWAY-12","","12","listed-colorway","","135","","","","","3","","","","","","","","false"
"goat-nike-kobe-6-protro-reverse-grinch","nike-kobe-6-protro-reverse-grinch","GOAT-K06-04","GOAT-K06-04-LISTED-COLORWAY-7","","7","listed-colorway","","135","","","","","3","","","","","","","","false"
"goat-nike-kobe-6-protro-reverse-grinch","nike-kobe-6-protro-reverse-grinch","GOAT-K06-04","GOAT-K06-04-LISTED-COLORWAY-75","","7.5","listed-colorway","","135","","","","","3","","","","","","","","false"
"goat-nike-kobe-6-protro-reverse-grinch","nike-kobe-6-protro-reverse-grinch","GOAT-K06-04","GOAT-K06-04-LISTED-COLORWAY-8","","8","listed-colorway","","135","","","","","3","","","","","","","","false"
"goat-nike-kobe-6-protro-reverse-grinch","nike-kobe-6-protro-reverse-grinch","GOAT-K06-04","GOAT-K06-04-LISTED-COLORWAY-85","","8.5","listed-colorway","","135","","","","","3","","","","","","","","false"
"goat-nike-kobe-6-protro-reverse-grinch","nike-kobe-6-protro-reverse-grinch","GOAT-K06-04","GOAT-K06-04-LISTED-COLORWAY-9","","9","listed-colorway","","135","","","","","3","","","","","","","","false"
"goat-nike-kobe-6-protro-reverse-grinch","nike-kobe-6-protro-reverse-grinch","GOAT-K06-04","GOAT-K06-04-LISTED-COLORWAY-95","","9.5","listed-colorway","","135","","","","","3","","","","","","","","false"
"goat-nike-kobe-6-protro-reverse-grinch","nike-kobe-6-protro-reverse-grinch","GOAT-K06-04","GOAT-K06-04-LISTED-COLORWAY-10","","10","listed-colorway","","135","","","","","3","","","","","","","","false"
"goat-nike-kobe-6-protro-reverse-grinch","nike-kobe-6-protro-reverse-grinch","GOAT-K06-04","GOAT-K06-04-LISTED-COLORWAY-105","","10.5","listed-colorway","","135","","","","","3","","","","","","","","false"
"goat-nike-kobe-6-protro-reverse-grinch","nike-kobe-6-protro-reverse-grinch","GOAT-K06-04","GOAT-K06-04-LISTED-COLORWAY-11","","11","listed-colorway","","135","","","","","3","","","","","","","","false"
"goat-nike-kobe-6-protro-reverse-grinch","nike-kobe-6-protro-reverse-grinch","GOAT-K06-04","GOAT-K06-04-LISTED-COLORWAY-12","","12","listed-colorway","","135","","","","","3","","","","","","","","false"
"goat-nike-kobe-6-protro-grinch-2020","nike-kobe-6-protro-grinch-2020","GOAT-K06-05","GOAT-K06-05-LISTED-COLORWAY-7","","7","listed-colorway","","135","","","","","3","","","","","","","","false"
"goat-nike-kobe-6-protro-grinch-2020","nike-kobe-6-protro-grinch-2020","GOAT-K06-05","GOAT-K06-05-LISTED-COLORWAY-75","","7.5","listed-colorway","","135","","","","","3","","","","","","","","false"
"goat-nike-kobe-6-protro-grinch-2020","nike-kobe-6-protro-grinch-2020","GOAT-K06-05","GOAT-K06-05-LISTED-COLORWAY-8","","8","listed-colorway","","135","","","","","3","","","","","","","","false"
"goat-nike-kobe-6-protro-grinch-2020","nike-kobe-6-protro-grinch-2020","GOAT-K06-05","GOAT-K06-05-LISTED-COLORWAY-85","","8.5","listed-colorway","","135","","","","","3","","","","","","","","false"
"goat-nike-kobe-6-protro-grinch-2020","nike-kobe-6-protro-grinch-2020","GOAT-K06-05","GOAT-K06-05-LISTED-COLORWAY-9","","9","listed-colorway","","135","","","","","3","","","","","","","","false"
"goat-nike-kobe-6-protro-grinch-2020","nike-kobe-6-protro-grinch-2020","GOAT-K06-05","GOAT-K06-05-LISTED-COLORWAY-95","","9.5","listed-colorway","","135","","","","","3","","","","","","","","false"
"goat-nike-kobe-6-protro-grinch-2020","nike-kobe-6-protro-grinch-2020","GOAT-K06-05","GOAT-K06-05-LISTED-COLORWAY-10","","10","listed-colorway","","135","","","","","3","","","","","","","","false"
"goat-nike-kobe-6-protro-grinch-2020","nike-kobe-6-protro-grinch-2020","GOAT-K06-05","GOAT-K06-05-LISTED-COLORWAY-105","","10.5","listed-colorway","","135","","","","","3","","","","","","","","false"
"goat-nike-kobe-6-protro-grinch-2020","nike-kobe-6-protro-grinch-2020","GOAT-K06-05","GOAT-K06-05-LISTED-COLORWAY-11","","11","listed-colorway","","135","","","","","3","","","","","","","","false"
"goat-nike-kobe-6-protro-grinch-2020","nike-kobe-6-protro-grinch-2020","GOAT-K06-05","GOAT-K06-05-LISTED-COLORWAY-12","","12","listed-colorway","","135","","","","","3","","","","","","","","false"
"goat-nike-kobe-7-duke","nike-kobe-7-duke","GOAT-K07-01","GOAT-K07-01-LISTED-COLORWAY-7","","7","listed-colorway","","135","","","","","3","","","","","","","","false"
"goat-nike-kobe-7-duke","nike-kobe-7-duke","GOAT-K07-01","GOAT-K07-01-LISTED-COLORWAY-75","","7.5","listed-colorway","","135","","","","","3","","","","","","","","false"
"goat-nike-kobe-7-duke","nike-kobe-7-duke","GOAT-K07-01","GOAT-K07-01-LISTED-COLORWAY-8","","8","listed-colorway","","135","","","","","3","","","","","","","","false"
"goat-nike-kobe-7-duke","nike-kobe-7-duke","GOAT-K07-01","GOAT-K07-01-LISTED-COLORWAY-85","","8.5","listed-colorway","","135","","","","","3","","","","","","","","false"
"goat-nike-kobe-7-duke","nike-kobe-7-duke","GOAT-K07-01","GOAT-K07-01-LISTED-COLORWAY-9","","9","listed-colorway","","135","","","","","3","","","","","","","","false"
"goat-nike-kobe-7-duke","nike-kobe-7-duke","GOAT-K07-01","GOAT-K07-01-LISTED-COLORWAY-95","","9.5","listed-colorway","","135","","","","","3","","","","","","","","false"
"goat-nike-kobe-7-duke","nike-kobe-7-duke","GOAT-K07-01","GOAT-K07-01-LISTED-COLORWAY-10","","10","listed-colorway","","135","","","","","3","","","","","","","","false"
"goat-nike-kobe-7-duke","nike-kobe-7-duke","GOAT-K07-01","GOAT-K07-01-LISTED-COLORWAY-105","","10.5","listed-colorway","","135","","","","","3","","","","","","","","false"
"goat-nike-kobe-7-duke","nike-kobe-7-duke","GOAT-K07-01","GOAT-K07-01-LISTED-COLORWAY-11","","11","listed-colorway","","135","","","","","3","","","","","","","","false"
"goat-nike-kobe-7-duke","nike-kobe-7-duke","GOAT-K07-01","GOAT-K07-01-LISTED-COLORWAY-12","","12","listed-colorway","","135","","","","","3","","","","","","","","false"
"goat-nike-kobe-7-yin-and-yang","nike-kobe-7-yin-and-yang","GOAT-K07-02","GOAT-K07-02-LISTED-COLORWAY-7","","7","listed-colorway","","135","","","","","3","","","","","","","","false"
"goat-nike-kobe-7-yin-and-yang","nike-kobe-7-yin-and-yang","GOAT-K07-02","GOAT-K07-02-LISTED-COLORWAY-75","","7.5","listed-colorway","","135","","","","","3","","","","","","","","false"
"goat-nike-kobe-7-yin-and-yang","nike-kobe-7-yin-and-yang","GOAT-K07-02","GOAT-K07-02-LISTED-COLORWAY-8","","8","listed-colorway","","135","","","","","3","","","","","","","","false"
"goat-nike-kobe-7-yin-and-yang","nike-kobe-7-yin-and-yang","GOAT-K07-02","GOAT-K07-02-LISTED-COLORWAY-85","","8.5","listed-colorway","","135","","","","","3","","","","","","","","false"
"goat-nike-kobe-7-yin-and-yang","nike-kobe-7-yin-and-yang","GOAT-K07-02","GOAT-K07-02-LISTED-COLORWAY-9","","9","listed-colorway","","135","","","","","3","","","","","","","","false"
"goat-nike-kobe-7-yin-and-yang","nike-kobe-7-yin-and-yang","GOAT-K07-02","GOAT-K07-02-LISTED-COLORWAY-95","","9.5","listed-colorway","","135","","","","","3","","","","","","","","false"
"goat-nike-kobe-7-yin-and-yang","nike-kobe-7-yin-and-yang","GOAT-K07-02","GOAT-K07-02-LISTED-COLORWAY-10","","10","listed-colorway","","135","","","","","3","","","","","","","","false"
"goat-nike-kobe-7-yin-and-yang","nike-kobe-7-yin-and-yang","GOAT-K07-02","GOAT-K07-02-LISTED-COLORWAY-105","","10.5","listed-colorway","","135","","","","","3","","","","","","","","false"
"goat-nike-kobe-7-yin-and-yang","nike-kobe-7-yin-and-yang","GOAT-K07-02","GOAT-K07-02-LISTED-COLORWAY-11","","11","listed-colorway","","135","","","","","3","","","","","","","","false"
"goat-nike-kobe-7-yin-and-yang","nike-kobe-7-yin-and-yang","GOAT-K07-02","GOAT-K07-02-LISTED-COLORWAY-12","","12","listed-colorway","","135","","","","","3","","","","","","","","false"
"goat-nike-kobe-7-olympic","nike-kobe-7-olympic","GOAT-K07-03","GOAT-K07-03-LISTED-COLORWAY-7","","7","listed-colorway","","135","","","","","3","","","","","","","","false"
"goat-nike-kobe-7-olympic","nike-kobe-7-olympic","GOAT-K07-03","GOAT-K07-03-LISTED-COLORWAY-75","","7.5","listed-colorway","","135","","","","","3","","","","","","","","false"
"goat-nike-kobe-7-olympic","nike-kobe-7-olympic","GOAT-K07-03","GOAT-K07-03-LISTED-COLORWAY-8","","8","listed-colorway","","135","","","","","3","","","","","","","","false"
"goat-nike-kobe-7-olympic","nike-kobe-7-olympic","GOAT-K07-03","GOAT-K07-03-LISTED-COLORWAY-85","","8.5","listed-colorway","","135","","","","","3","","","","","","","","false"
"goat-nike-kobe-7-olympic","nike-kobe-7-olympic","GOAT-K07-03","GOAT-K07-03-LISTED-COLORWAY-9","","9","listed-colorway","","135","","","","","3","","","","","","","","false"
"goat-nike-kobe-7-olympic","nike-kobe-7-olympic","GOAT-K07-03","GOAT-K07-03-LISTED-COLORWAY-95","","9.5","listed-colorway","","135","","","","","3","","","","","","","","false"
"goat-nike-kobe-7-olympic","nike-kobe-7-olympic","GOAT-K07-03","GOAT-K07-03-LISTED-COLORWAY-10","","10","listed-colorway","","135","","","","","3","","","","","","","","false"
"goat-nike-kobe-7-olympic","nike-kobe-7-olympic","GOAT-K07-03","GOAT-K07-03-LISTED-COLORWAY-105","","10.5","listed-colorway","","135","","","","","3","","","","","","","","false"
"goat-nike-kobe-7-olympic","nike-kobe-7-olympic","GOAT-K07-03","GOAT-K07-03-LISTED-COLORWAY-11","","11","listed-colorway","","135","","","","","3","","","","","","","","false"
"goat-nike-kobe-7-olympic","nike-kobe-7-olympic","GOAT-K07-03","GOAT-K07-03-LISTED-COLORWAY-12","","12","listed-colorway","","135","","","","","3","","","","","","","","false"
"goat-nike-kobe-7-what-the-kobe","nike-kobe-7-what-the-kobe","GOAT-K07-04","GOAT-K07-04-LISTED-COLORWAY-7","","7","listed-colorway","","135","","","","","3","","","","","","","","false"
"goat-nike-kobe-7-what-the-kobe","nike-kobe-7-what-the-kobe","GOAT-K07-04","GOAT-K07-04-LISTED-COLORWAY-75","","7.5","listed-colorway","","135","","","","","3","","","","","","","","false"
"goat-nike-kobe-7-what-the-kobe","nike-kobe-7-what-the-kobe","GOAT-K07-04","GOAT-K07-04-LISTED-COLORWAY-8","","8","listed-colorway","","135","","","","","3","","","","","","","","false"
"goat-nike-kobe-7-what-the-kobe","nike-kobe-7-what-the-kobe","GOAT-K07-04","GOAT-K07-04-LISTED-COLORWAY-85","","8.5","listed-colorway","","135","","","","","3","","","","","","","","false"
"goat-nike-kobe-7-what-the-kobe","nike-kobe-7-what-the-kobe","GOAT-K07-04","GOAT-K07-04-LISTED-COLORWAY-9","","9","listed-colorway","","135","","","","","3","","","","","","","","false"
"goat-nike-kobe-7-what-the-kobe","nike-kobe-7-what-the-kobe","GOAT-K07-04","GOAT-K07-04-LISTED-COLORWAY-95","","9.5","listed-colorway","","135","","","","","3","","","","","","","","false"
"goat-nike-kobe-7-what-the-kobe","nike-kobe-7-what-the-kobe","GOAT-K07-04","GOAT-K07-04-LISTED-COLORWAY-10","","10","listed-colorway","","135","","","","","3","","","","","","","","false"
"goat-nike-kobe-7-what-the-kobe","nike-kobe-7-what-the-kobe","GOAT-K07-04","GOAT-K07-04-LISTED-COLORWAY-105","","10.5","listed-colorway","","135","","","","","3","","","","","","","","false"
"goat-nike-kobe-7-what-the-kobe","nike-kobe-7-what-the-kobe","GOAT-K07-04","GOAT-K07-04-LISTED-COLORWAY-11","","11","listed-colorway","","135","","","","","3","","","","","","","","false"
"goat-nike-kobe-7-what-the-kobe","nike-kobe-7-what-the-kobe","GOAT-K07-04","GOAT-K07-04-LISTED-COLORWAY-12","","12","listed-colorway","","135","","","","","3","","","","","","","","false"
"goat-nike-kobe-7-all-star-galaxy","nike-kobe-7-all-star-galaxy","GOAT-K07-05","GOAT-K07-05-LISTED-COLORWAY-7","","7","listed-colorway","","135","","","","","3","","","","","","","","false"
"goat-nike-kobe-7-all-star-galaxy","nike-kobe-7-all-star-galaxy","GOAT-K07-05","GOAT-K07-05-LISTED-COLORWAY-75","","7.5","listed-colorway","","135","","","","","3","","","","","","","","false"
"goat-nike-kobe-7-all-star-galaxy","nike-kobe-7-all-star-galaxy","GOAT-K07-05","GOAT-K07-05-LISTED-COLORWAY-8","","8","listed-colorway","","135","","","","","3","","","","","","","","false"
"goat-nike-kobe-7-all-star-galaxy","nike-kobe-7-all-star-galaxy","GOAT-K07-05","GOAT-K07-05-LISTED-COLORWAY-85","","8.5","listed-colorway","","135","","","","","3","","","","","","","","false"
"goat-nike-kobe-7-all-star-galaxy","nike-kobe-7-all-star-galaxy","GOAT-K07-05","GOAT-K07-05-LISTED-COLORWAY-9","","9","listed-colorway","","135","","","","","3","","","","","","","","false"
"goat-nike-kobe-7-all-star-galaxy","nike-kobe-7-all-star-galaxy","GOAT-K07-05","GOAT-K07-05-LISTED-COLORWAY-95","","9.5","listed-colorway","","135","","","","","3","","","","","","","","false"
"goat-nike-kobe-7-all-star-galaxy","nike-kobe-7-all-star-galaxy","GOAT-K07-05","GOAT-K07-05-LISTED-COLORWAY-10","","10","listed-colorway","","135","","","","","3","","","","","","","","false"
"goat-nike-kobe-7-all-star-galaxy","nike-kobe-7-all-star-galaxy","GOAT-K07-05","GOAT-K07-05-LISTED-COLORWAY-105","","10.5","listed-colorway","","135","","","","","3","","","","","","","","false"
"goat-nike-kobe-7-all-star-galaxy","nike-kobe-7-all-star-galaxy","GOAT-K07-05","GOAT-K07-05-LISTED-COLORWAY-11","","11","listed-colorway","","135","","","","","3","","","","","","","","false"
"goat-nike-kobe-7-all-star-galaxy","nike-kobe-7-all-star-galaxy","GOAT-K07-05","GOAT-K07-05-LISTED-COLORWAY-12","","12","listed-colorway","","135","","","","","3","","","","","","","","false"
"goat-nike-kobe-8-protro-what-the-kobe-2025","nike-kobe-8-protro-what-the-kobe-2025","GOAT-K08-01","GOAT-K08-01-LISTED-COLORWAY-7","","7","listed-colorway","","135","","","","","3","","","","","","","","false"
"goat-nike-kobe-8-protro-what-the-kobe-2025","nike-kobe-8-protro-what-the-kobe-2025","GOAT-K08-01","GOAT-K08-01-LISTED-COLORWAY-75","","7.5","listed-colorway","","135","","","","","3","","","","","","","","false"
"goat-nike-kobe-8-protro-what-the-kobe-2025","nike-kobe-8-protro-what-the-kobe-2025","GOAT-K08-01","GOAT-K08-01-LISTED-COLORWAY-8","","8","listed-colorway","","135","","","","","3","","","","","","","","false"
"goat-nike-kobe-8-protro-what-the-kobe-2025","nike-kobe-8-protro-what-the-kobe-2025","GOAT-K08-01","GOAT-K08-01-LISTED-COLORWAY-85","","8.5","listed-colorway","","135","","","","","3","","","","","","","","false"
"goat-nike-kobe-8-protro-what-the-kobe-2025","nike-kobe-8-protro-what-the-kobe-2025","GOAT-K08-01","GOAT-K08-01-LISTED-COLORWAY-9","","9","listed-colorway","","135","","","","","3","","","","","","","","false"
"goat-nike-kobe-8-protro-what-the-kobe-2025","nike-kobe-8-protro-what-the-kobe-2025","GOAT-K08-01","GOAT-K08-01-LISTED-COLORWAY-95","","9.5","listed-colorway","","135","","","","","3","","","","","","","","false"
"goat-nike-kobe-8-protro-what-the-kobe-2025","nike-kobe-8-protro-what-the-kobe-2025","GOAT-K08-01","GOAT-K08-01-LISTED-COLORWAY-10","","10","listed-colorway","","135","","","","","3","","","","","","","","false"
"goat-nike-kobe-8-protro-what-the-kobe-2025","nike-kobe-8-protro-what-the-kobe-2025","GOAT-K08-01","GOAT-K08-01-LISTED-COLORWAY-105","","10.5","listed-colorway","","135","","","","","3","","","","","","","","false"
"goat-nike-kobe-8-protro-what-the-kobe-2025","nike-kobe-8-protro-what-the-kobe-2025","GOAT-K08-01","GOAT-K08-01-LISTED-COLORWAY-11","","11","listed-colorway","","135","","","","","3","","","","","","","","false"
"goat-nike-kobe-8-protro-what-the-kobe-2025","nike-kobe-8-protro-what-the-kobe-2025","GOAT-K08-01","GOAT-K08-01-LISTED-COLORWAY-12","","12","listed-colorway","","135","","","","","3","","","","","","","","false"
"goat-nike-kobe-8-protro-halo","nike-kobe-8-protro-halo","GOAT-K08-02","GOAT-K08-02-LISTED-COLORWAY-7","","7","listed-colorway","","135","","","","","3","","","","","","","","false"
"goat-nike-kobe-8-protro-halo","nike-kobe-8-protro-halo","GOAT-K08-02","GOAT-K08-02-LISTED-COLORWAY-75","","7.5","listed-colorway","","135","","","","","3","","","","","","","","false"
"goat-nike-kobe-8-protro-halo","nike-kobe-8-protro-halo","GOAT-K08-02","GOAT-K08-02-LISTED-COLORWAY-8","","8","listed-colorway","","135","","","","","3","","","","","","","","false"
"goat-nike-kobe-8-protro-halo","nike-kobe-8-protro-halo","GOAT-K08-02","GOAT-K08-02-LISTED-COLORWAY-85","","8.5","listed-colorway","","135","","","","","3","","","","","","","","false"
"goat-nike-kobe-8-protro-halo","nike-kobe-8-protro-halo","GOAT-K08-02","GOAT-K08-02-LISTED-COLORWAY-9","","9","listed-colorway","","135","","","","","3","","","","","","","","false"
"goat-nike-kobe-8-protro-halo","nike-kobe-8-protro-halo","GOAT-K08-02","GOAT-K08-02-LISTED-COLORWAY-95","","9.5","listed-colorway","","135","","","","","3","","","","","","","","false"
"goat-nike-kobe-8-protro-halo","nike-kobe-8-protro-halo","GOAT-K08-02","GOAT-K08-02-LISTED-COLORWAY-10","","10","listed-colorway","","135","","","","","3","","","","","","","","false"
"goat-nike-kobe-8-protro-halo","nike-kobe-8-protro-halo","GOAT-K08-02","GOAT-K08-02-LISTED-COLORWAY-105","","10.5","listed-colorway","","135","","","","","3","","","","","","","","false"
"goat-nike-kobe-8-protro-halo","nike-kobe-8-protro-halo","GOAT-K08-02","GOAT-K08-02-LISTED-COLORWAY-11","","11","listed-colorway","","135","","","","","3","","","","","","","","false"
"goat-nike-kobe-8-protro-halo","nike-kobe-8-protro-halo","GOAT-K08-02","GOAT-K08-02-LISTED-COLORWAY-12","","12","listed-colorway","","135","","","","","3","","","","","","","","false"
"goat-nike-kobe-8-protro-venice-beach-2024","nike-kobe-8-protro-venice-beach-2024","GOAT-K08-03","GOAT-K08-03-LISTED-COLORWAY-7","","7","listed-colorway","","135","","","","","3","","","","","","","","false"
"goat-nike-kobe-8-protro-venice-beach-2024","nike-kobe-8-protro-venice-beach-2024","GOAT-K08-03","GOAT-K08-03-LISTED-COLORWAY-75","","7.5","listed-colorway","","135","","","","","3","","","","","","","","false"
"goat-nike-kobe-8-protro-venice-beach-2024","nike-kobe-8-protro-venice-beach-2024","GOAT-K08-03","GOAT-K08-03-LISTED-COLORWAY-8","","8","listed-colorway","","135","","","","","3","","","","","","","","false"
"goat-nike-kobe-8-protro-venice-beach-2024","nike-kobe-8-protro-venice-beach-2024","GOAT-K08-03","GOAT-K08-03-LISTED-COLORWAY-85","","8.5","listed-colorway","","135","","","","","3","","","","","","","","false"
"goat-nike-kobe-8-protro-venice-beach-2024","nike-kobe-8-protro-venice-beach-2024","GOAT-K08-03","GOAT-K08-03-LISTED-COLORWAY-9","","9","listed-colorway","","135","","","","","3","","","","","","","","false"
"goat-nike-kobe-8-protro-venice-beach-2024","nike-kobe-8-protro-venice-beach-2024","GOAT-K08-03","GOAT-K08-03-LISTED-COLORWAY-95","","9.5","listed-colorway","","135","","","","","3","","","","","","","","false"
"goat-nike-kobe-8-protro-venice-beach-2024","nike-kobe-8-protro-venice-beach-2024","GOAT-K08-03","GOAT-K08-03-LISTED-COLORWAY-10","","10","listed-colorway","","135","","","","","3","","","","","","","","false"
"goat-nike-kobe-8-protro-venice-beach-2024","nike-kobe-8-protro-venice-beach-2024","GOAT-K08-03","GOAT-K08-03-LISTED-COLORWAY-105","","10.5","listed-colorway","","135","","","","","3","","","","","","","","false"
"goat-nike-kobe-8-protro-venice-beach-2024","nike-kobe-8-protro-venice-beach-2024","GOAT-K08-03","GOAT-K08-03-LISTED-COLORWAY-11","","11","listed-colorway","","135","","","","","3","","","","","","","","false"
"goat-nike-kobe-8-protro-venice-beach-2024","nike-kobe-8-protro-venice-beach-2024","GOAT-K08-03","GOAT-K08-03-LISTED-COLORWAY-12","","12","listed-colorway","","135","","","","","3","","","","","","","","false"
"goat-nike-kobe-8-system-easter","nike-kobe-8-system-easter","GOAT-K08-04","GOAT-K08-04-LISTED-COLORWAY-7","","7","listed-colorway","","135","","","","","3","","","","","","","","false"
"goat-nike-kobe-8-system-easter","nike-kobe-8-system-easter","GOAT-K08-04","GOAT-K08-04-LISTED-COLORWAY-75","","7.5","listed-colorway","","135","","","","","3","","","","","","","","false"
"goat-nike-kobe-8-system-easter","nike-kobe-8-system-easter","GOAT-K08-04","GOAT-K08-04-LISTED-COLORWAY-8","","8","listed-colorway","","135","","","","","3","","","","","","","","false"
"goat-nike-kobe-8-system-easter","nike-kobe-8-system-easter","GOAT-K08-04","GOAT-K08-04-LISTED-COLORWAY-85","","8.5","listed-colorway","","135","","","","","3","","","","","","","","false"
"goat-nike-kobe-8-system-easter","nike-kobe-8-system-easter","GOAT-K08-04","GOAT-K08-04-LISTED-COLORWAY-9","","9","listed-colorway","","135","","","","","3","","","","","","","","false"
"goat-nike-kobe-8-system-easter","nike-kobe-8-system-easter","GOAT-K08-04","GOAT-K08-04-LISTED-COLORWAY-95","","9.5","listed-colorway","","135","","","","","3","","","","","","","","false"
"goat-nike-kobe-8-system-easter","nike-kobe-8-system-easter","GOAT-K08-04","GOAT-K08-04-LISTED-COLORWAY-10","","10","listed-colorway","","135","","","","","3","","","","","","","","false"
"goat-nike-kobe-8-system-easter","nike-kobe-8-system-easter","GOAT-K08-04","GOAT-K08-04-LISTED-COLORWAY-105","","10.5","listed-colorway","","135","","","","","3","","","","","","","","false"
"goat-nike-kobe-8-system-easter","nike-kobe-8-system-easter","GOAT-K08-04","GOAT-K08-04-LISTED-COLORWAY-11","","11","listed-colorway","","135","","","","","3","","","","","","","","false"
"goat-nike-kobe-8-system-easter","nike-kobe-8-system-easter","GOAT-K08-04","GOAT-K08-04-LISTED-COLORWAY-12","","12","listed-colorway","","135","","","","","3","","","","","","","","false"
"goat-nike-kobe-8-protro-radiant-emerald","nike-kobe-8-protro-radiant-emerald","GOAT-K08-05","GOAT-K08-05-LISTED-COLORWAY-7","","7","listed-colorway","","135","","","","","3","","","","","","","","false"
"goat-nike-kobe-8-protro-radiant-emerald","nike-kobe-8-protro-radiant-emerald","GOAT-K08-05","GOAT-K08-05-LISTED-COLORWAY-75","","7.5","listed-colorway","","135","","","","","3","","","","","","","","false"
"goat-nike-kobe-8-protro-radiant-emerald","nike-kobe-8-protro-radiant-emerald","GOAT-K08-05","GOAT-K08-05-LISTED-COLORWAY-8","","8","listed-colorway","","135","","","","","3","","","","","","","","false"
"goat-nike-kobe-8-protro-radiant-emerald","nike-kobe-8-protro-radiant-emerald","GOAT-K08-05","GOAT-K08-05-LISTED-COLORWAY-85","","8.5","listed-colorway","","135","","","","","3","","","","","","","","false"
"goat-nike-kobe-8-protro-radiant-emerald","nike-kobe-8-protro-radiant-emerald","GOAT-K08-05","GOAT-K08-05-LISTED-COLORWAY-9","","9","listed-colorway","","135","","","","","3","","","","","","","","false"
"goat-nike-kobe-8-protro-radiant-emerald","nike-kobe-8-protro-radiant-emerald","GOAT-K08-05","GOAT-K08-05-LISTED-COLORWAY-95","","9.5","listed-colorway","","135","","","","","3","","","","","","","","false"
"goat-nike-kobe-8-protro-radiant-emerald","nike-kobe-8-protro-radiant-emerald","GOAT-K08-05","GOAT-K08-05-LISTED-COLORWAY-10","","10","listed-colorway","","135","","","","","3","","","","","","","","false"
"goat-nike-kobe-8-protro-radiant-emerald","nike-kobe-8-protro-radiant-emerald","GOAT-K08-05","GOAT-K08-05-LISTED-COLORWAY-105","","10.5","listed-colorway","","135","","","","","3","","","","","","","","false"
"goat-nike-kobe-8-protro-radiant-emerald","nike-kobe-8-protro-radiant-emerald","GOAT-K08-05","GOAT-K08-05-LISTED-COLORWAY-11","","11","listed-colorway","","135","","","","","3","","","","","","","","false"
"goat-nike-kobe-8-protro-radiant-emerald","nike-kobe-8-protro-radiant-emerald","GOAT-K08-05","GOAT-K08-05-LISTED-COLORWAY-12","","12","listed-colorway","","135","","","","","3","","","","","","","","false"
"goat-nike-kobe-9-elite-low-protro-halo","nike-kobe-9-elite-low-protro-halo","GOAT-K09-01","GOAT-K09-01-LISTED-COLORWAY-7","","7","listed-colorway","","135","","","","","3","","","","","","","","false"
"goat-nike-kobe-9-elite-low-protro-halo","nike-kobe-9-elite-low-protro-halo","GOAT-K09-01","GOAT-K09-01-LISTED-COLORWAY-75","","7.5","listed-colorway","","135","","","","","3","","","","","","","","false"
"goat-nike-kobe-9-elite-low-protro-halo","nike-kobe-9-elite-low-protro-halo","GOAT-K09-01","GOAT-K09-01-LISTED-COLORWAY-8","","8","listed-colorway","","135","","","","","3","","","","","","","","false"
"goat-nike-kobe-9-elite-low-protro-halo","nike-kobe-9-elite-low-protro-halo","GOAT-K09-01","GOAT-K09-01-LISTED-COLORWAY-85","","8.5","listed-colorway","","135","","","","","3","","","","","","","","false"
"goat-nike-kobe-9-elite-low-protro-halo","nike-kobe-9-elite-low-protro-halo","GOAT-K09-01","GOAT-K09-01-LISTED-COLORWAY-9","","9","listed-colorway","","135","","","","","3","","","","","","","","false"
"goat-nike-kobe-9-elite-low-protro-halo","nike-kobe-9-elite-low-protro-halo","GOAT-K09-01","GOAT-K09-01-LISTED-COLORWAY-95","","9.5","listed-colorway","","135","","","","","3","","","","","","","","false"
"goat-nike-kobe-9-elite-low-protro-halo","nike-kobe-9-elite-low-protro-halo","GOAT-K09-01","GOAT-K09-01-LISTED-COLORWAY-10","","10","listed-colorway","","135","","","","","3","","","","","","","","false"
"goat-nike-kobe-9-elite-low-protro-halo","nike-kobe-9-elite-low-protro-halo","GOAT-K09-01","GOAT-K09-01-LISTED-COLORWAY-105","","10.5","listed-colorway","","135","","","","","3","","","","","","","","false"
"goat-nike-kobe-9-elite-low-protro-halo","nike-kobe-9-elite-low-protro-halo","GOAT-K09-01","GOAT-K09-01-LISTED-COLORWAY-11","","11","listed-colorway","","135","","","","","3","","","","","","","","false"
"goat-nike-kobe-9-elite-low-protro-halo","nike-kobe-9-elite-low-protro-halo","GOAT-K09-01","GOAT-K09-01-LISTED-COLORWAY-12","","12","listed-colorway","","135","","","","","3","","","","","","","","false"
"goat-nike-kobe-9-elite-protro-masterpiece-2025","nike-kobe-9-elite-protro-masterpiece-2025","GOAT-K09-02","GOAT-K09-02-LISTED-COLORWAY-7","","7","listed-colorway","","135","","","","","3","","","","","","","","false"
"goat-nike-kobe-9-elite-protro-masterpiece-2025","nike-kobe-9-elite-protro-masterpiece-2025","GOAT-K09-02","GOAT-K09-02-LISTED-COLORWAY-75","","7.5","listed-colorway","","135","","","","","3","","","","","","","","false"
"goat-nike-kobe-9-elite-protro-masterpiece-2025","nike-kobe-9-elite-protro-masterpiece-2025","GOAT-K09-02","GOAT-K09-02-LISTED-COLORWAY-8","","8","listed-colorway","","135","","","","","3","","","","","","","","false"
"goat-nike-kobe-9-elite-protro-masterpiece-2025","nike-kobe-9-elite-protro-masterpiece-2025","GOAT-K09-02","GOAT-K09-02-LISTED-COLORWAY-85","","8.5","listed-colorway","","135","","","","","3","","","","","","","","false"
"goat-nike-kobe-9-elite-protro-masterpiece-2025","nike-kobe-9-elite-protro-masterpiece-2025","GOAT-K09-02","GOAT-K09-02-LISTED-COLORWAY-9","","9","listed-colorway","","135","","","","","3","","","","","","","","false"
"goat-nike-kobe-9-elite-protro-masterpiece-2025","nike-kobe-9-elite-protro-masterpiece-2025","GOAT-K09-02","GOAT-K09-02-LISTED-COLORWAY-95","","9.5","listed-colorway","","135","","","","","3","","","","","","","","false"
"goat-nike-kobe-9-elite-protro-masterpiece-2025","nike-kobe-9-elite-protro-masterpiece-2025","GOAT-K09-02","GOAT-K09-02-LISTED-COLORWAY-10","","10","listed-colorway","","135","","","","","3","","","","","","","","false"
"goat-nike-kobe-9-elite-protro-masterpiece-2025","nike-kobe-9-elite-protro-masterpiece-2025","GOAT-K09-02","GOAT-K09-02-LISTED-COLORWAY-105","","10.5","listed-colorway","","135","","","","","3","","","","","","","","false"
"goat-nike-kobe-9-elite-protro-masterpiece-2025","nike-kobe-9-elite-protro-masterpiece-2025","GOAT-K09-02","GOAT-K09-02-LISTED-COLORWAY-11","","11","listed-colorway","","135","","","","","3","","","","","","","","false"
"goat-nike-kobe-9-elite-protro-masterpiece-2025","nike-kobe-9-elite-protro-masterpiece-2025","GOAT-K09-02","GOAT-K09-02-LISTED-COLORWAY-12","","12","listed-colorway","","135","","","","","3","","","","","","","","false"
"goat-nike-kobe-9-em-protro-mambacita","nike-kobe-9-em-protro-mambacita","GOAT-K09-03","GOAT-K09-03-LISTED-COLORWAY-7","","7","listed-colorway","","135","","","","","3","","","","","","","","false"
"goat-nike-kobe-9-em-protro-mambacita","nike-kobe-9-em-protro-mambacita","GOAT-K09-03","GOAT-K09-03-LISTED-COLORWAY-75","","7.5","listed-colorway","","135","","","","","3","","","","","","","","false"
"goat-nike-kobe-9-em-protro-mambacita","nike-kobe-9-em-protro-mambacita","GOAT-K09-03","GOAT-K09-03-LISTED-COLORWAY-8","","8","listed-colorway","","135","","","","","3","","","","","","","","false"
"goat-nike-kobe-9-em-protro-mambacita","nike-kobe-9-em-protro-mambacita","GOAT-K09-03","GOAT-K09-03-LISTED-COLORWAY-85","","8.5","listed-colorway","","135","","","","","3","","","","","","","","false"
"goat-nike-kobe-9-em-protro-mambacita","nike-kobe-9-em-protro-mambacita","GOAT-K09-03","GOAT-K09-03-LISTED-COLORWAY-9","","9","listed-colorway","","135","","","","","3","","","","","","","","false"
"goat-nike-kobe-9-em-protro-mambacita","nike-kobe-9-em-protro-mambacita","GOAT-K09-03","GOAT-K09-03-LISTED-COLORWAY-95","","9.5","listed-colorway","","135","","","","","3","","","","","","","","false"
"goat-nike-kobe-9-em-protro-mambacita","nike-kobe-9-em-protro-mambacita","GOAT-K09-03","GOAT-K09-03-LISTED-COLORWAY-10","","10","listed-colorway","","135","","","","","3","","","","","","","","false"
"goat-nike-kobe-9-em-protro-mambacita","nike-kobe-9-em-protro-mambacita","GOAT-K09-03","GOAT-K09-03-LISTED-COLORWAY-105","","10.5","listed-colorway","","135","","","","","3","","","","","","","","false"
"goat-nike-kobe-9-em-protro-mambacita","nike-kobe-9-em-protro-mambacita","GOAT-K09-03","GOAT-K09-03-LISTED-COLORWAY-11","","11","listed-colorway","","135","","","","","3","","","","","","","","false"
"goat-nike-kobe-9-em-protro-mambacita","nike-kobe-9-em-protro-mambacita","GOAT-K09-03","GOAT-K09-03-LISTED-COLORWAY-12","","12","listed-colorway","","135","","","","","3","","","","","","","","false"
"goat-nike-kobe-9-em-protro-think-pink","nike-kobe-9-em-protro-think-pink","GOAT-K09-04","GOAT-K09-04-LISTED-COLORWAY-7","","7","listed-colorway","","135","","","","","3","","","","","","","","false"
"goat-nike-kobe-9-em-protro-think-pink","nike-kobe-9-em-protro-think-pink","GOAT-K09-04","GOAT-K09-04-LISTED-COLORWAY-75","","7.5","listed-colorway","","135","","","","","3","","","","","","","","false"
"goat-nike-kobe-9-em-protro-think-pink","nike-kobe-9-em-protro-think-pink","GOAT-K09-04","GOAT-K09-04-LISTED-COLORWAY-8","","8","listed-colorway","","135","","","","","3","","","","","","","","false"
"goat-nike-kobe-9-em-protro-think-pink","nike-kobe-9-em-protro-think-pink","GOAT-K09-04","GOAT-K09-04-LISTED-COLORWAY-85","","8.5","listed-colorway","","135","","","","","3","","","","","","","","false"
"goat-nike-kobe-9-em-protro-think-pink","nike-kobe-9-em-protro-think-pink","GOAT-K09-04","GOAT-K09-04-LISTED-COLORWAY-9","","9","listed-colorway","","135","","","","","3","","","","","","","","false"
"goat-nike-kobe-9-em-protro-think-pink","nike-kobe-9-em-protro-think-pink","GOAT-K09-04","GOAT-K09-04-LISTED-COLORWAY-95","","9.5","listed-colorway","","135","","","","","3","","","","","","","","false"
"goat-nike-kobe-9-em-protro-think-pink","nike-kobe-9-em-protro-think-pink","GOAT-K09-04","GOAT-K09-04-LISTED-COLORWAY-10","","10","listed-colorway","","135","","","","","3","","","","","","","","false"
"goat-nike-kobe-9-em-protro-think-pink","nike-kobe-9-em-protro-think-pink","GOAT-K09-04","GOAT-K09-04-LISTED-COLORWAY-105","","10.5","listed-colorway","","135","","","","","3","","","","","","","","false"
"goat-nike-kobe-9-em-protro-think-pink","nike-kobe-9-em-protro-think-pink","GOAT-K09-04","GOAT-K09-04-LISTED-COLORWAY-11","","11","listed-colorway","","135","","","","","3","","","","","","","","false"
"goat-nike-kobe-9-em-protro-think-pink","nike-kobe-9-em-protro-think-pink","GOAT-K09-04","GOAT-K09-04-LISTED-COLORWAY-12","","12","listed-colorway","","135","","","","","3","","","","","","","","false"
"goat-nike-kobe-9-em-philippines-2026","nike-kobe-9-em-philippines-2026","GOAT-K09-05","GOAT-K09-05-LISTED-COLORWAY-7","","7","listed-colorway","","135","","","","","3","","","","","","","","false"
"goat-nike-kobe-9-em-philippines-2026","nike-kobe-9-em-philippines-2026","GOAT-K09-05","GOAT-K09-05-LISTED-COLORWAY-75","","7.5","listed-colorway","","135","","","","","3","","","","","","","","false"
"goat-nike-kobe-9-em-philippines-2026","nike-kobe-9-em-philippines-2026","GOAT-K09-05","GOAT-K09-05-LISTED-COLORWAY-8","","8","listed-colorway","","135","","","","","3","","","","","","","","false"
"goat-nike-kobe-9-em-philippines-2026","nike-kobe-9-em-philippines-2026","GOAT-K09-05","GOAT-K09-05-LISTED-COLORWAY-85","","8.5","listed-colorway","","135","","","","","3","","","","","","","","false"
"goat-nike-kobe-9-em-philippines-2026","nike-kobe-9-em-philippines-2026","GOAT-K09-05","GOAT-K09-05-LISTED-COLORWAY-9","","9","listed-colorway","","135","","","","","3","","","","","","","","false"
"goat-nike-kobe-9-em-philippines-2026","nike-kobe-9-em-philippines-2026","GOAT-K09-05","GOAT-K09-05-LISTED-COLORWAY-95","","9.5","listed-colorway","","135","","","","","3","","","","","","","","false"
"goat-nike-kobe-9-em-philippines-2026","nike-kobe-9-em-philippines-2026","GOAT-K09-05","GOAT-K09-05-LISTED-COLORWAY-10","","10","listed-colorway","","135","","","","","3","","","","","","","","false"
"goat-nike-kobe-9-em-philippines-2026","nike-kobe-9-em-philippines-2026","GOAT-K09-05","GOAT-K09-05-LISTED-COLORWAY-105","","10.5","listed-colorway","","135","","","","","3","","","","","","","","false"
"goat-nike-kobe-9-em-philippines-2026","nike-kobe-9-em-philippines-2026","GOAT-K09-05","GOAT-K09-05-LISTED-COLORWAY-11","","11","listed-colorway","","135","","","","","3","","","","","","","","false"
"goat-nike-kobe-9-em-philippines-2026","nike-kobe-9-em-philippines-2026","GOAT-K09-05","GOAT-K09-05-LISTED-COLORWAY-12","","12","listed-colorway","","135","","","","","3","","","","","","","","false"
"goat-nike-kobe-10-elite-rivalry","nike-kobe-10-elite-rivalry","GOAT-K10-01","GOAT-K10-01-LISTED-COLORWAY-7","","7","listed-colorway","","135","","","","","3","","","","","","","","false"
"goat-nike-kobe-10-elite-rivalry","nike-kobe-10-elite-rivalry","GOAT-K10-01","GOAT-K10-01-LISTED-COLORWAY-75","","7.5","listed-colorway","","135","","","","","3","","","","","","","","false"
"goat-nike-kobe-10-elite-rivalry","nike-kobe-10-elite-rivalry","GOAT-K10-01","GOAT-K10-01-LISTED-COLORWAY-8","","8","listed-colorway","","135","","","","","3","","","","","","","","false"
"goat-nike-kobe-10-elite-rivalry","nike-kobe-10-elite-rivalry","GOAT-K10-01","GOAT-K10-01-LISTED-COLORWAY-85","","8.5","listed-colorway","","135","","","","","3","","","","","","","","false"
"goat-nike-kobe-10-elite-rivalry","nike-kobe-10-elite-rivalry","GOAT-K10-01","GOAT-K10-01-LISTED-COLORWAY-9","","9","listed-colorway","","135","","","","","3","","","","","","","","false"
"goat-nike-kobe-10-elite-rivalry","nike-kobe-10-elite-rivalry","GOAT-K10-01","GOAT-K10-01-LISTED-COLORWAY-95","","9.5","listed-colorway","","135","","","","","3","","","","","","","","false"
"goat-nike-kobe-10-elite-rivalry","nike-kobe-10-elite-rivalry","GOAT-K10-01","GOAT-K10-01-LISTED-COLORWAY-10","","10","listed-colorway","","135","","","","","3","","","","","","","","false"
"goat-nike-kobe-10-elite-rivalry","nike-kobe-10-elite-rivalry","GOAT-K10-01","GOAT-K10-01-LISTED-COLORWAY-105","","10.5","listed-colorway","","135","","","","","3","","","","","","","","false"
"goat-nike-kobe-10-elite-rivalry","nike-kobe-10-elite-rivalry","GOAT-K10-01","GOAT-K10-01-LISTED-COLORWAY-11","","11","listed-colorway","","135","","","","","3","","","","","","","","false"
"goat-nike-kobe-10-elite-rivalry","nike-kobe-10-elite-rivalry","GOAT-K10-01","GOAT-K10-01-LISTED-COLORWAY-12","","12","listed-colorway","","135","","","","","3","","","","","","","","false"
"goat-nike-kobe-10-pain","nike-kobe-10-pain","GOAT-K10-02","GOAT-K10-02-LISTED-COLORWAY-7","","7","listed-colorway","","135","","","","","3","","","","","","","","false"
"goat-nike-kobe-10-pain","nike-kobe-10-pain","GOAT-K10-02","GOAT-K10-02-LISTED-COLORWAY-75","","7.5","listed-colorway","","135","","","","","3","","","","","","","","false"
"goat-nike-kobe-10-pain","nike-kobe-10-pain","GOAT-K10-02","GOAT-K10-02-LISTED-COLORWAY-8","","8","listed-colorway","","135","","","","","3","","","","","","","","false"
"goat-nike-kobe-10-pain","nike-kobe-10-pain","GOAT-K10-02","GOAT-K10-02-LISTED-COLORWAY-85","","8.5","listed-colorway","","135","","","","","3","","","","","","","","false"
"goat-nike-kobe-10-pain","nike-kobe-10-pain","GOAT-K10-02","GOAT-K10-02-LISTED-COLORWAY-9","","9","listed-colorway","","135","","","","","3","","","","","","","","false"
"goat-nike-kobe-10-pain","nike-kobe-10-pain","GOAT-K10-02","GOAT-K10-02-LISTED-COLORWAY-95","","9.5","listed-colorway","","135","","","","","3","","","","","","","","false"
"goat-nike-kobe-10-pain","nike-kobe-10-pain","GOAT-K10-02","GOAT-K10-02-LISTED-COLORWAY-10","","10","listed-colorway","","135","","","","","3","","","","","","","","false"
"goat-nike-kobe-10-pain","nike-kobe-10-pain","GOAT-K10-02","GOAT-K10-02-LISTED-COLORWAY-105","","10.5","listed-colorway","","135","","","","","3","","","","","","","","false"
"goat-nike-kobe-10-pain","nike-kobe-10-pain","GOAT-K10-02","GOAT-K10-02-LISTED-COLORWAY-11","","11","listed-colorway","","135","","","","","3","","","","","","","","false"
"goat-nike-kobe-10-pain","nike-kobe-10-pain","GOAT-K10-02","GOAT-K10-02-LISTED-COLORWAY-12","","12","listed-colorway","","135","","","","","3","","","","","","","","false"
"goat-nike-kobe-10-tb-gym-red","nike-kobe-10-tb-gym-red","GOAT-K10-03","GOAT-K10-03-LISTED-COLORWAY-7","","7","listed-colorway","","135","","","","","3","","","","","","","","false"
"goat-nike-kobe-10-tb-gym-red","nike-kobe-10-tb-gym-red","GOAT-K10-03","GOAT-K10-03-LISTED-COLORWAY-75","","7.5","listed-colorway","","135","","","","","3","","","","","","","","false"
"goat-nike-kobe-10-tb-gym-red","nike-kobe-10-tb-gym-red","GOAT-K10-03","GOAT-K10-03-LISTED-COLORWAY-8","","8","listed-colorway","","135","","","","","3","","","","","","","","false"
"goat-nike-kobe-10-tb-gym-red","nike-kobe-10-tb-gym-red","GOAT-K10-03","GOAT-K10-03-LISTED-COLORWAY-85","","8.5","listed-colorway","","135","","","","","3","","","","","","","","false"
"goat-nike-kobe-10-tb-gym-red","nike-kobe-10-tb-gym-red","GOAT-K10-03","GOAT-K10-03-LISTED-COLORWAY-9","","9","listed-colorway","","135","","","","","3","","","","","","","","false"
"goat-nike-kobe-10-tb-gym-red","nike-kobe-10-tb-gym-red","GOAT-K10-03","GOAT-K10-03-LISTED-COLORWAY-95","","9.5","listed-colorway","","135","","","","","3","","","","","","","","false"
"goat-nike-kobe-10-tb-gym-red","nike-kobe-10-tb-gym-red","GOAT-K10-03","GOAT-K10-03-LISTED-COLORWAY-10","","10","listed-colorway","","135","","","","","3","","","","","","","","false"
"goat-nike-kobe-10-tb-gym-red","nike-kobe-10-tb-gym-red","GOAT-K10-03","GOAT-K10-03-LISTED-COLORWAY-105","","10.5","listed-colorway","","135","","","","","3","","","","","","","","false"
"goat-nike-kobe-10-tb-gym-red","nike-kobe-10-tb-gym-red","GOAT-K10-03","GOAT-K10-03-LISTED-COLORWAY-11","","11","listed-colorway","","135","","","","","3","","","","","","","","false"
"goat-nike-kobe-10-tb-gym-red","nike-kobe-10-tb-gym-red","GOAT-K10-03","GOAT-K10-03-LISTED-COLORWAY-12","","12","listed-colorway","","135","","","","","3","","","","","","","","false"
"goat-nike-kobe-10-gs-independence-day","nike-kobe-10-gs-independence-day","GOAT-K10-04","GOAT-K10-04-LISTED-COLORWAY-7","","7","listed-colorway","","135","","","","","3","","","","","","","","false"
"goat-nike-kobe-10-gs-independence-day","nike-kobe-10-gs-independence-day","GOAT-K10-04","GOAT-K10-04-LISTED-COLORWAY-75","","7.5","listed-colorway","","135","","","","","3","","","","","","","","false"
"goat-nike-kobe-10-gs-independence-day","nike-kobe-10-gs-independence-day","GOAT-K10-04","GOAT-K10-04-LISTED-COLORWAY-8","","8","listed-colorway","","135","","","","","3","","","","","","","","false"
"goat-nike-kobe-10-gs-independence-day","nike-kobe-10-gs-independence-day","GOAT-K10-04","GOAT-K10-04-LISTED-COLORWAY-85","","8.5","listed-colorway","","135","","","","","3","","","","","","","","false"
"goat-nike-kobe-10-gs-independence-day","nike-kobe-10-gs-independence-day","GOAT-K10-04","GOAT-K10-04-LISTED-COLORWAY-9","","9","listed-colorway","","135","","","","","3","","","","","","","","false"
"goat-nike-kobe-10-gs-independence-day","nike-kobe-10-gs-independence-day","GOAT-K10-04","GOAT-K10-04-LISTED-COLORWAY-95","","9.5","listed-colorway","","135","","","","","3","","","","","","","","false"
"goat-nike-kobe-10-gs-independence-day","nike-kobe-10-gs-independence-day","GOAT-K10-04","GOAT-K10-04-LISTED-COLORWAY-10","","10","listed-colorway","","135","","","","","3","","","","","","","","false"
"goat-nike-kobe-10-gs-independence-day","nike-kobe-10-gs-independence-day","GOAT-K10-04","GOAT-K10-04-LISTED-COLORWAY-105","","10.5","listed-colorway","","135","","","","","3","","","","","","","","false"
"goat-nike-kobe-10-gs-independence-day","nike-kobe-10-gs-independence-day","GOAT-K10-04","GOAT-K10-04-LISTED-COLORWAY-11","","11","listed-colorway","","135","","","","","3","","","","","","","","false"
"goat-nike-kobe-10-gs-independence-day","nike-kobe-10-gs-independence-day","GOAT-K10-04","GOAT-K10-04-LISTED-COLORWAY-12","","12","listed-colorway","","135","","","","","3","","","","","","","","false"
"goat-nike-kobe-10-all-star","nike-kobe-10-all-star","GOAT-K10-05","GOAT-K10-05-LISTED-COLORWAY-7","","7","listed-colorway","","135","","","","","3","","","","","","","","false"
"goat-nike-kobe-10-all-star","nike-kobe-10-all-star","GOAT-K10-05","GOAT-K10-05-LISTED-COLORWAY-75","","7.5","listed-colorway","","135","","","","","3","","","","","","","","false"
"goat-nike-kobe-10-all-star","nike-kobe-10-all-star","GOAT-K10-05","GOAT-K10-05-LISTED-COLORWAY-8","","8","listed-colorway","","135","","","","","3","","","","","","","","false"
"goat-nike-kobe-10-all-star","nike-kobe-10-all-star","GOAT-K10-05","GOAT-K10-05-LISTED-COLORWAY-85","","8.5","listed-colorway","","135","","","","","3","","","","","","","","false"
"goat-nike-kobe-10-all-star","nike-kobe-10-all-star","GOAT-K10-05","GOAT-K10-05-LISTED-COLORWAY-9","","9","listed-colorway","","135","","","","","3","","","","","","","","false"
"goat-nike-kobe-10-all-star","nike-kobe-10-all-star","GOAT-K10-05","GOAT-K10-05-LISTED-COLORWAY-95","","9.5","listed-colorway","","135","","","","","3","","","","","","","","false"
"goat-nike-kobe-10-all-star","nike-kobe-10-all-star","GOAT-K10-05","GOAT-K10-05-LISTED-COLORWAY-10","","10","listed-colorway","","135","","","","","3","","","","","","","","false"
"goat-nike-kobe-10-all-star","nike-kobe-10-all-star","GOAT-K10-05","GOAT-K10-05-LISTED-COLORWAY-105","","10.5","listed-colorway","","135","","","","","3","","","","","","","","false"
"goat-nike-kobe-10-all-star","nike-kobe-10-all-star","GOAT-K10-05","GOAT-K10-05-LISTED-COLORWAY-11","","11","listed-colorway","","135","","","","","3","","","","","","","","false"
"goat-nike-kobe-10-all-star","nike-kobe-10-all-star","GOAT-K10-05","GOAT-K10-05-LISTED-COLORWAY-12","","12","listed-colorway","","135","","","","","3","","","","","","","","false"
"goat-nike-kobe-11-elite-low-fade-to-black","nike-kobe-11-elite-low-fade-to-black","GOAT-K11-01","GOAT-K11-01-LISTED-COLORWAY-7","","7","listed-colorway","","135","","","","","3","","","","","","","","false"
"goat-nike-kobe-11-elite-low-fade-to-black","nike-kobe-11-elite-low-fade-to-black","GOAT-K11-01","GOAT-K11-01-LISTED-COLORWAY-75","","7.5","listed-colorway","","135","","","","","3","","","","","","","","false"
"goat-nike-kobe-11-elite-low-fade-to-black","nike-kobe-11-elite-low-fade-to-black","GOAT-K11-01","GOAT-K11-01-LISTED-COLORWAY-8","","8","listed-colorway","","135","","","","","3","","","","","","","","false"
"goat-nike-kobe-11-elite-low-fade-to-black","nike-kobe-11-elite-low-fade-to-black","GOAT-K11-01","GOAT-K11-01-LISTED-COLORWAY-85","","8.5","listed-colorway","","135","","","","","3","","","","","","","","false"
"goat-nike-kobe-11-elite-low-fade-to-black","nike-kobe-11-elite-low-fade-to-black","GOAT-K11-01","GOAT-K11-01-LISTED-COLORWAY-9","","9","listed-colorway","","135","","","","","3","","","","","","","","false"
"goat-nike-kobe-11-elite-low-fade-to-black","nike-kobe-11-elite-low-fade-to-black","GOAT-K11-01","GOAT-K11-01-LISTED-COLORWAY-95","","9.5","listed-colorway","","135","","","","","3","","","","","","","","false"
"goat-nike-kobe-11-elite-low-fade-to-black","nike-kobe-11-elite-low-fade-to-black","GOAT-K11-01","GOAT-K11-01-LISTED-COLORWAY-10","","10","listed-colorway","","135","","","","","3","","","","","","","","false"
"goat-nike-kobe-11-elite-low-fade-to-black","nike-kobe-11-elite-low-fade-to-black","GOAT-K11-01","GOAT-K11-01-LISTED-COLORWAY-105","","10.5","listed-colorway","","135","","","","","3","","","","","","","","false"
"goat-nike-kobe-11-elite-low-fade-to-black","nike-kobe-11-elite-low-fade-to-black","GOAT-K11-01","GOAT-K11-01-LISTED-COLORWAY-11","","11","listed-colorway","","135","","","","","3","","","","","","","","false"
"goat-nike-kobe-11-elite-low-fade-to-black","nike-kobe-11-elite-low-fade-to-black","GOAT-K11-01","GOAT-K11-01-LISTED-COLORWAY-12","","12","listed-colorway","","135","","","","","3","","","","","","","","false"
"goat-nike-kobe-11-protro-low-mamba-day","nike-kobe-11-protro-low-mamba-day","GOAT-K11-02","GOAT-K11-02-LISTED-COLORWAY-7","","7","listed-colorway","","135","","","","","3","","","","","","","","false"
"goat-nike-kobe-11-protro-low-mamba-day","nike-kobe-11-protro-low-mamba-day","GOAT-K11-02","GOAT-K11-02-LISTED-COLORWAY-75","","7.5","listed-colorway","","135","","","","","3","","","","","","","","false"
"goat-nike-kobe-11-protro-low-mamba-day","nike-kobe-11-protro-low-mamba-day","GOAT-K11-02","GOAT-K11-02-LISTED-COLORWAY-8","","8","listed-colorway","","135","","","","","3","","","","","","","","false"
"goat-nike-kobe-11-protro-low-mamba-day","nike-kobe-11-protro-low-mamba-day","GOAT-K11-02","GOAT-K11-02-LISTED-COLORWAY-85","","8.5","listed-colorway","","135","","","","","3","","","","","","","","false"
"goat-nike-kobe-11-protro-low-mamba-day","nike-kobe-11-protro-low-mamba-day","GOAT-K11-02","GOAT-K11-02-LISTED-COLORWAY-9","","9","listed-colorway","","135","","","","","3","","","","","","","","false"
"goat-nike-kobe-11-protro-low-mamba-day","nike-kobe-11-protro-low-mamba-day","GOAT-K11-02","GOAT-K11-02-LISTED-COLORWAY-95","","9.5","listed-colorway","","135","","","","","3","","","","","","","","false"
"goat-nike-kobe-11-protro-low-mamba-day","nike-kobe-11-protro-low-mamba-day","GOAT-K11-02","GOAT-K11-02-LISTED-COLORWAY-10","","10","listed-colorway","","135","","","","","3","","","","","","","","false"
"goat-nike-kobe-11-protro-low-mamba-day","nike-kobe-11-protro-low-mamba-day","GOAT-K11-02","GOAT-K11-02-LISTED-COLORWAY-105","","10.5","listed-colorway","","135","","","","","3","","","","","","","","false"
"goat-nike-kobe-11-protro-low-mamba-day","nike-kobe-11-protro-low-mamba-day","GOAT-K11-02","GOAT-K11-02-LISTED-COLORWAY-11","","11","listed-colorway","","135","","","","","3","","","","","","","","false"
"goat-nike-kobe-11-protro-low-mamba-day","nike-kobe-11-protro-low-mamba-day","GOAT-K11-02","GOAT-K11-02-LISTED-COLORWAY-12","","12","listed-colorway","","135","","","","","3","","","","","","","","false"
"goat-nike-kobe-11-gs-8-24","nike-kobe-11-gs-8-24","GOAT-K11-03","GOAT-K11-03-LISTED-COLORWAY-7","","7","listed-colorway","","135","","","","","3","","","","","","","","false"
"goat-nike-kobe-11-gs-8-24","nike-kobe-11-gs-8-24","GOAT-K11-03","GOAT-K11-03-LISTED-COLORWAY-75","","7.5","listed-colorway","","135","","","","","3","","","","","","","","false"
"goat-nike-kobe-11-gs-8-24","nike-kobe-11-gs-8-24","GOAT-K11-03","GOAT-K11-03-LISTED-COLORWAY-8","","8","listed-colorway","","135","","","","","3","","","","","","","","false"
"goat-nike-kobe-11-gs-8-24","nike-kobe-11-gs-8-24","GOAT-K11-03","GOAT-K11-03-LISTED-COLORWAY-85","","8.5","listed-colorway","","135","","","","","3","","","","","","","","false"
"goat-nike-kobe-11-gs-8-24","nike-kobe-11-gs-8-24","GOAT-K11-03","GOAT-K11-03-LISTED-COLORWAY-9","","9","listed-colorway","","135","","","","","3","","","","","","","","false"
"goat-nike-kobe-11-gs-8-24","nike-kobe-11-gs-8-24","GOAT-K11-03","GOAT-K11-03-LISTED-COLORWAY-95","","9.5","listed-colorway","","135","","","","","3","","","","","","","","false"
"goat-nike-kobe-11-gs-8-24","nike-kobe-11-gs-8-24","GOAT-K11-03","GOAT-K11-03-LISTED-COLORWAY-10","","10","listed-colorway","","135","","","","","3","","","","","","","","false"
"goat-nike-kobe-11-gs-8-24","nike-kobe-11-gs-8-24","GOAT-K11-03","GOAT-K11-03-LISTED-COLORWAY-105","","10.5","listed-colorway","","135","","","","","3","","","","","","","","false"
"goat-nike-kobe-11-gs-8-24","nike-kobe-11-gs-8-24","GOAT-K11-03","GOAT-K11-03-LISTED-COLORWAY-11","","11","listed-colorway","","135","","","","","3","","","","","","","","false"
"goat-nike-kobe-11-gs-8-24","nike-kobe-11-gs-8-24","GOAT-K11-03","GOAT-K11-03-LISTED-COLORWAY-12","","12","listed-colorway","","135","","","","","3","","","","","","","","false"
"goat-nike-kobe-11-elite-low-usa","nike-kobe-11-elite-low-usa","GOAT-K11-04","GOAT-K11-04-LISTED-COLORWAY-7","","7","listed-colorway","","135","","","","","3","","","","","","","","false"
"goat-nike-kobe-11-elite-low-usa","nike-kobe-11-elite-low-usa","GOAT-K11-04","GOAT-K11-04-LISTED-COLORWAY-75","","7.5","listed-colorway","","135","","","","","3","","","","","","","","false"
"goat-nike-kobe-11-elite-low-usa","nike-kobe-11-elite-low-usa","GOAT-K11-04","GOAT-K11-04-LISTED-COLORWAY-8","","8","listed-colorway","","135","","","","","3","","","","","","","","false"
"goat-nike-kobe-11-elite-low-usa","nike-kobe-11-elite-low-usa","GOAT-K11-04","GOAT-K11-04-LISTED-COLORWAY-85","","8.5","listed-colorway","","135","","","","","3","","","","","","","","false"
"goat-nike-kobe-11-elite-low-usa","nike-kobe-11-elite-low-usa","GOAT-K11-04","GOAT-K11-04-LISTED-COLORWAY-9","","9","listed-colorway","","135","","","","","3","","","","","","","","false"
"goat-nike-kobe-11-elite-low-usa","nike-kobe-11-elite-low-usa","GOAT-K11-04","GOAT-K11-04-LISTED-COLORWAY-95","","9.5","listed-colorway","","135","","","","","3","","","","","","","","false"
"goat-nike-kobe-11-elite-low-usa","nike-kobe-11-elite-low-usa","GOAT-K11-04","GOAT-K11-04-LISTED-COLORWAY-10","","10","listed-colorway","","135","","","","","3","","","","","","","","false"
"goat-nike-kobe-11-elite-low-usa","nike-kobe-11-elite-low-usa","GOAT-K11-04","GOAT-K11-04-LISTED-COLORWAY-105","","10.5","listed-colorway","","135","","","","","3","","","","","","","","false"
"goat-nike-kobe-11-elite-low-usa","nike-kobe-11-elite-low-usa","GOAT-K11-04","GOAT-K11-04-LISTED-COLORWAY-11","","11","listed-colorway","","135","","","","","3","","","","","","","","false"
"goat-nike-kobe-11-elite-low-usa","nike-kobe-11-elite-low-usa","GOAT-K11-04","GOAT-K11-04-LISTED-COLORWAY-12","","12","listed-colorway","","135","","","","","3","","","","","","","","false"
"goat-nike-kobe-11-elite-low-protro-fade-to-black-2026","nike-kobe-11-elite-low-protro-fade-to-black-2026","GOAT-K11-05","GOAT-K11-05-LISTED-COLORWAY-7","","7","listed-colorway","","135","","","","","3","","","","","","","","false"
"goat-nike-kobe-11-elite-low-protro-fade-to-black-2026","nike-kobe-11-elite-low-protro-fade-to-black-2026","GOAT-K11-05","GOAT-K11-05-LISTED-COLORWAY-75","","7.5","listed-colorway","","135","","","","","3","","","","","","","","false"
"goat-nike-kobe-11-elite-low-protro-fade-to-black-2026","nike-kobe-11-elite-low-protro-fade-to-black-2026","GOAT-K11-05","GOAT-K11-05-LISTED-COLORWAY-8","","8","listed-colorway","","135","","","","","3","","","","","","","","false"
"goat-nike-kobe-11-elite-low-protro-fade-to-black-2026","nike-kobe-11-elite-low-protro-fade-to-black-2026","GOAT-K11-05","GOAT-K11-05-LISTED-COLORWAY-85","","8.5","listed-colorway","","135","","","","","3","","","","","","","","false"
"goat-nike-kobe-11-elite-low-protro-fade-to-black-2026","nike-kobe-11-elite-low-protro-fade-to-black-2026","GOAT-K11-05","GOAT-K11-05-LISTED-COLORWAY-9","","9","listed-colorway","","135","","","","","3","","","","","","","","false"
"goat-nike-kobe-11-elite-low-protro-fade-to-black-2026","nike-kobe-11-elite-low-protro-fade-to-black-2026","GOAT-K11-05","GOAT-K11-05-LISTED-COLORWAY-95","","9.5","listed-colorway","","135","","","","","3","","","","","","","","false"
"goat-nike-kobe-11-elite-low-protro-fade-to-black-2026","nike-kobe-11-elite-low-protro-fade-to-black-2026","GOAT-K11-05","GOAT-K11-05-LISTED-COLORWAY-10","","10","listed-colorway","","135","","","","","3","","","","","","","","false"
"goat-nike-kobe-11-elite-low-protro-fade-to-black-2026","nike-kobe-11-elite-low-protro-fade-to-black-2026","GOAT-K11-05","GOAT-K11-05-LISTED-COLORWAY-105","","10.5","listed-colorway","","135","","","","","3","","","","","","","","false"
"goat-nike-kobe-11-elite-low-protro-fade-to-black-2026","nike-kobe-11-elite-low-protro-fade-to-black-2026","GOAT-K11-05","GOAT-K11-05-LISTED-COLORWAY-11","","11","listed-colorway","","135","","","","","3","","","","","","","","false"
"goat-nike-kobe-11-elite-low-protro-fade-to-black-2026","nike-kobe-11-elite-low-protro-fade-to-black-2026","GOAT-K11-05","GOAT-K11-05-LISTED-COLORWAY-12","","12","listed-colorway","","135","","","","","3","","","","","","","","false"
"goat-nike-kobe-12-ad-mid-pure-platinum","nike-kobe-12-ad-mid-pure-platinum","GOAT-K12-01","GOAT-K12-01-LISTED-COLORWAY-7","","7","listed-colorway","","135","","","","","3","","","","","","","","false"
"goat-nike-kobe-12-ad-mid-pure-platinum","nike-kobe-12-ad-mid-pure-platinum","GOAT-K12-01","GOAT-K12-01-LISTED-COLORWAY-75","","7.5","listed-colorway","","135","","","","","3","","","","","","","","false"
"goat-nike-kobe-12-ad-mid-pure-platinum","nike-kobe-12-ad-mid-pure-platinum","GOAT-K12-01","GOAT-K12-01-LISTED-COLORWAY-8","","8","listed-colorway","","135","","","","","3","","","","","","","","false"
"goat-nike-kobe-12-ad-mid-pure-platinum","nike-kobe-12-ad-mid-pure-platinum","GOAT-K12-01","GOAT-K12-01-LISTED-COLORWAY-85","","8.5","listed-colorway","","135","","","","","3","","","","","","","","false"
"goat-nike-kobe-12-ad-mid-pure-platinum","nike-kobe-12-ad-mid-pure-platinum","GOAT-K12-01","GOAT-K12-01-LISTED-COLORWAY-9","","9","listed-colorway","","135","","","","","3","","","","","","","","false"
"goat-nike-kobe-12-ad-mid-pure-platinum","nike-kobe-12-ad-mid-pure-platinum","GOAT-K12-01","GOAT-K12-01-LISTED-COLORWAY-95","","9.5","listed-colorway","","135","","","","","3","","","","","","","","false"
"goat-nike-kobe-12-ad-mid-pure-platinum","nike-kobe-12-ad-mid-pure-platinum","GOAT-K12-01","GOAT-K12-01-LISTED-COLORWAY-10","","10","listed-colorway","","135","","","","","3","","","","","","","","false"
"goat-nike-kobe-12-ad-mid-pure-platinum","nike-kobe-12-ad-mid-pure-platinum","GOAT-K12-01","GOAT-K12-01-LISTED-COLORWAY-105","","10.5","listed-colorway","","135","","","","","3","","","","","","","","false"
"goat-nike-kobe-12-ad-mid-pure-platinum","nike-kobe-12-ad-mid-pure-platinum","GOAT-K12-01","GOAT-K12-01-LISTED-COLORWAY-11","","11","listed-colorway","","135","","","","","3","","","","","","","","false"
"goat-nike-kobe-12-ad-mid-pure-platinum","nike-kobe-12-ad-mid-pure-platinum","GOAT-K12-01","GOAT-K12-01-LISTED-COLORWAY-12","","12","listed-colorway","","135","","","","","3","","","","","","","","false"
"goat-nike-kobe-12-ad-gs-triple-black","nike-kobe-12-ad-gs-triple-black","GOAT-K12-02","GOAT-K12-02-LISTED-COLORWAY-7","","7","listed-colorway","","135","","","","","3","","","","","","","","false"
"goat-nike-kobe-12-ad-gs-triple-black","nike-kobe-12-ad-gs-triple-black","GOAT-K12-02","GOAT-K12-02-LISTED-COLORWAY-75","","7.5","listed-colorway","","135","","","","","3","","","","","","","","false"
"goat-nike-kobe-12-ad-gs-triple-black","nike-kobe-12-ad-gs-triple-black","GOAT-K12-02","GOAT-K12-02-LISTED-COLORWAY-8","","8","listed-colorway","","135","","","","","3","","","","","","","","false"
"goat-nike-kobe-12-ad-gs-triple-black","nike-kobe-12-ad-gs-triple-black","GOAT-K12-02","GOAT-K12-02-LISTED-COLORWAY-85","","8.5","listed-colorway","","135","","","","","3","","","","","","","","false"
"goat-nike-kobe-12-ad-gs-triple-black","nike-kobe-12-ad-gs-triple-black","GOAT-K12-02","GOAT-K12-02-LISTED-COLORWAY-9","","9","listed-colorway","","135","","","","","3","","","","","","","","false"
"goat-nike-kobe-12-ad-gs-triple-black","nike-kobe-12-ad-gs-triple-black","GOAT-K12-02","GOAT-K12-02-LISTED-COLORWAY-95","","9.5","listed-colorway","","135","","","","","3","","","","","","","","false"
"goat-nike-kobe-12-ad-gs-triple-black","nike-kobe-12-ad-gs-triple-black","GOAT-K12-02","GOAT-K12-02-LISTED-COLORWAY-10","","10","listed-colorway","","135","","","","","3","","","","","","","","false"
"goat-nike-kobe-12-ad-gs-triple-black","nike-kobe-12-ad-gs-triple-black","GOAT-K12-02","GOAT-K12-02-LISTED-COLORWAY-105","","10.5","listed-colorway","","135","","","","","3","","","","","","","","false"
"goat-nike-kobe-12-ad-gs-triple-black","nike-kobe-12-ad-gs-triple-black","GOAT-K12-02","GOAT-K12-02-LISTED-COLORWAY-11","","11","listed-colorway","","135","","","","","3","","","","","","","","false"
"goat-nike-kobe-12-ad-gs-triple-black","nike-kobe-12-ad-gs-triple-black","GOAT-K12-02","GOAT-K12-02-LISTED-COLORWAY-12","","12","listed-colorway","","135","","","","","3","","","","","","","","false"
"goat-nike-kobe-12-ad-tb-fir","nike-kobe-12-ad-tb-fir","GOAT-K12-03","GOAT-K12-03-LISTED-COLORWAY-7","","7","listed-colorway","","135","","","","","3","","","","","","","","false"
"goat-nike-kobe-12-ad-tb-fir","nike-kobe-12-ad-tb-fir","GOAT-K12-03","GOAT-K12-03-LISTED-COLORWAY-75","","7.5","listed-colorway","","135","","","","","3","","","","","","","","false"
"goat-nike-kobe-12-ad-tb-fir","nike-kobe-12-ad-tb-fir","GOAT-K12-03","GOAT-K12-03-LISTED-COLORWAY-8","","8","listed-colorway","","135","","","","","3","","","","","","","","false"
"goat-nike-kobe-12-ad-tb-fir","nike-kobe-12-ad-tb-fir","GOAT-K12-03","GOAT-K12-03-LISTED-COLORWAY-85","","8.5","listed-colorway","","135","","","","","3","","","","","","","","false"
"goat-nike-kobe-12-ad-tb-fir","nike-kobe-12-ad-tb-fir","GOAT-K12-03","GOAT-K12-03-LISTED-COLORWAY-9","","9","listed-colorway","","135","","","","","3","","","","","","","","false"
"goat-nike-kobe-12-ad-tb-fir","nike-kobe-12-ad-tb-fir","GOAT-K12-03","GOAT-K12-03-LISTED-COLORWAY-95","","9.5","listed-colorway","","135","","","","","3","","","","","","","","false"
"goat-nike-kobe-12-ad-tb-fir","nike-kobe-12-ad-tb-fir","GOAT-K12-03","GOAT-K12-03-LISTED-COLORWAY-10","","10","listed-colorway","","135","","","","","3","","","","","","","","false"
"goat-nike-kobe-12-ad-tb-fir","nike-kobe-12-ad-tb-fir","GOAT-K12-03","GOAT-K12-03-LISTED-COLORWAY-105","","10.5","listed-colorway","","135","","","","","3","","","","","","","","false"
"goat-nike-kobe-12-ad-tb-fir","nike-kobe-12-ad-tb-fir","GOAT-K12-03","GOAT-K12-03-LISTED-COLORWAY-11","","11","listed-colorway","","135","","","","","3","","","","","","","","false"
"goat-nike-kobe-12-ad-tb-fir","nike-kobe-12-ad-tb-fir","GOAT-K12-03","GOAT-K12-03-LISTED-COLORWAY-12","","12","listed-colorway","","135","","","","","3","","","","","","","","false"
"goat-nike-kobe-12-ad-protro-purple-stardust","nike-kobe-12-ad-protro-purple-stardust","GOAT-K12-04","GOAT-K12-04-LISTED-COLORWAY-7","","7","listed-colorway","","135","","","","","3","","","","","","","","false"
"goat-nike-kobe-12-ad-protro-purple-stardust","nike-kobe-12-ad-protro-purple-stardust","GOAT-K12-04","GOAT-K12-04-LISTED-COLORWAY-75","","7.5","listed-colorway","","135","","","","","3","","","","","","","","false"
"goat-nike-kobe-12-ad-protro-purple-stardust","nike-kobe-12-ad-protro-purple-stardust","GOAT-K12-04","GOAT-K12-04-LISTED-COLORWAY-8","","8","listed-colorway","","135","","","","","3","","","","","","","","false"
"goat-nike-kobe-12-ad-protro-purple-stardust","nike-kobe-12-ad-protro-purple-stardust","GOAT-K12-04","GOAT-K12-04-LISTED-COLORWAY-85","","8.5","listed-colorway","","135","","","","","3","","","","","","","","false"
"goat-nike-kobe-12-ad-protro-purple-stardust","nike-kobe-12-ad-protro-purple-stardust","GOAT-K12-04","GOAT-K12-04-LISTED-COLORWAY-9","","9","listed-colorway","","135","","","","","3","","","","","","","","false"
"goat-nike-kobe-12-ad-protro-purple-stardust","nike-kobe-12-ad-protro-purple-stardust","GOAT-K12-04","GOAT-K12-04-LISTED-COLORWAY-95","","9.5","listed-colorway","","135","","","","","3","","","","","","","","false"
"goat-nike-kobe-12-ad-protro-purple-stardust","nike-kobe-12-ad-protro-purple-stardust","GOAT-K12-04","GOAT-K12-04-LISTED-COLORWAY-10","","10","listed-colorway","","135","","","","","3","","","","","","","","false"
"goat-nike-kobe-12-ad-protro-purple-stardust","nike-kobe-12-ad-protro-purple-stardust","GOAT-K12-04","GOAT-K12-04-LISTED-COLORWAY-105","","10.5","listed-colorway","","135","","","","","3","","","","","","","","false"
"goat-nike-kobe-12-ad-protro-purple-stardust","nike-kobe-12-ad-protro-purple-stardust","GOAT-K12-04","GOAT-K12-04-LISTED-COLORWAY-11","","11","listed-colorway","","135","","","","","3","","","","","","","","false"
"goat-nike-kobe-12-ad-protro-purple-stardust","nike-kobe-12-ad-protro-purple-stardust","GOAT-K12-04","GOAT-K12-04-LISTED-COLORWAY-12","","12","listed-colorway","","135","","","","","3","","","","","","","","false"
"goat-nike-kobe-12-ad-cool-grey","nike-kobe-12-ad-cool-grey","GOAT-K12-05","GOAT-K12-05-LISTED-COLORWAY-7","","7","listed-colorway","","135","","","","","3","","","","","","","","false"
"goat-nike-kobe-12-ad-cool-grey","nike-kobe-12-ad-cool-grey","GOAT-K12-05","GOAT-K12-05-LISTED-COLORWAY-75","","7.5","listed-colorway","","135","","","","","3","","","","","","","","false"
"goat-nike-kobe-12-ad-cool-grey","nike-kobe-12-ad-cool-grey","GOAT-K12-05","GOAT-K12-05-LISTED-COLORWAY-8","","8","listed-colorway","","135","","","","","3","","","","","","","","false"
"goat-nike-kobe-12-ad-cool-grey","nike-kobe-12-ad-cool-grey","GOAT-K12-05","GOAT-K12-05-LISTED-COLORWAY-85","","8.5","listed-colorway","","135","","","","","3","","","","","","","","false"
"goat-nike-kobe-12-ad-cool-grey","nike-kobe-12-ad-cool-grey","GOAT-K12-05","GOAT-K12-05-LISTED-COLORWAY-9","","9","listed-colorway","","135","","","","","3","","","","","","","","false"
"goat-nike-kobe-12-ad-cool-grey","nike-kobe-12-ad-cool-grey","GOAT-K12-05","GOAT-K12-05-LISTED-COLORWAY-95","","9.5","listed-colorway","","135","","","","","3","","","","","","","","false"
"goat-nike-kobe-12-ad-cool-grey","nike-kobe-12-ad-cool-grey","GOAT-K12-05","GOAT-K12-05-LISTED-COLORWAY-10","","10","listed-colorway","","135","","","","","3","","","","","","","","false"
"goat-nike-kobe-12-ad-cool-grey","nike-kobe-12-ad-cool-grey","GOAT-K12-05","GOAT-K12-05-LISTED-COLORWAY-105","","10.5","listed-colorway","","135","","","","","3","","","","","","","","false"
"goat-nike-kobe-12-ad-cool-grey","nike-kobe-12-ad-cool-grey","GOAT-K12-05","GOAT-K12-05-LISTED-COLORWAY-11","","11","listed-colorway","","135","","","","","3","","","","","","","","false"
"goat-nike-kobe-12-ad-cool-grey","nike-kobe-12-ad-cool-grey","GOAT-K12-05","GOAT-K12-05-LISTED-COLORWAY-12","","12","listed-colorway","","135","","","","","3","","","","","","","","false"
"lha-p014","all-i-know-is-win-tee","LHA-TEE-WIN","LHA-TEE-WIN-BL-XS","","XS","black","","20","15","","5","LY","5","","","","","","","","true"
"lha-p014","all-i-know-is-win-tee","LHA-TEE-WIN","LHA-TEE-WIN-BL-S","","S","black","","20","15","","5","LY","5","","","","","","","","true"
"lha-p014","all-i-know-is-win-tee","LHA-TEE-WIN","LHA-TEE-WIN-BL-M","","M","black","","20","15","","5","LY","5","","","","","","","","true"
"lha-p014","all-i-know-is-win-tee","LHA-TEE-WIN","LHA-TEE-WIN-BL-L","","L","black","","20","15","","5","LY","5","","","","","","","","true"
"lha-p014","all-i-know-is-win-tee","LHA-TEE-WIN","LHA-TEE-WIN-BL-XL","","XL","black","","20","15","","5","LY","5","","","","","","","","true"
"lha-p014","all-i-know-is-win-tee","LHA-TEE-WIN","LHA-TEE-WIN-BL-XXL","","XXL","black","","20","15","","5","LY","5","","","","","","","","true"
"lha-p014","all-i-know-is-win-tee","LHA-TEE-WIN","LHA-TEE-WIN-WH-XS","","XS","white","","20","15","","5","LY","5","","","","","","","","true"
"lha-p014","all-i-know-is-win-tee","LHA-TEE-WIN","LHA-TEE-WIN-WH-S","","S","white","","20","15","","5","LY","5","","","","","","","","true"
"lha-p014","all-i-know-is-win-tee","LHA-TEE-WIN","LHA-TEE-WIN-WH-M","","M","white","","20","15","","5","LY","5","","","","","","","","true"
"lha-p014","all-i-know-is-win-tee","LHA-TEE-WIN","LHA-TEE-WIN-WH-L","","L","white","","20","15","","5","LY","5","","","","","","","","true"
"lha-p014","all-i-know-is-win-tee","LHA-TEE-WIN","LHA-TEE-WIN-WH-XL","","XL","white","","20","15","","5","LY","5","","","","","","","","true"
"lha-p014","all-i-know-is-win-tee","LHA-TEE-WIN","LHA-TEE-WIN-WH-XXL","","XXL","white","","20","15","","5","LY","5","","","","","","","","true"
"lha-p015","hoops-for-troops-tee","LHA-TEE-TROOPS","LHA-TEE-TROOPS-BL-XS","","XS","black","","20","15","","5","LY","5","","","","","","","","true"
"lha-p015","hoops-for-troops-tee","LHA-TEE-TROOPS","LHA-TEE-TROOPS-BL-S","","S","black","","20","15","","5","LY","5","","","","","","","","true"
"lha-p015","hoops-for-troops-tee","LHA-TEE-TROOPS","LHA-TEE-TROOPS-BL-M","","M","black","","20","15","","5","LY","5","","","","","","","","true"
"lha-p015","hoops-for-troops-tee","LHA-TEE-TROOPS","LHA-TEE-TROOPS-BL-L","","L","black","","20","15","","5","LY","5","","","","","","","","true"
"lha-p015","hoops-for-troops-tee","LHA-TEE-TROOPS","LHA-TEE-TROOPS-BL-XL","","XL","black","","20","15","","5","LY","5","","","","","","","","true"
"lha-p015","hoops-for-troops-tee","LHA-TEE-TROOPS","LHA-TEE-TROOPS-BL-XXL","","XXL","black","","20","15","","5","LY","5","","","","","","","","true"
"lha-p015","hoops-for-troops-tee","LHA-TEE-TROOPS","LHA-TEE-TROOPS-GR-XS","","XS","grey","","20","15","","5","LY","5","","","","","","","","true"
"lha-p015","hoops-for-troops-tee","LHA-TEE-TROOPS","LHA-TEE-TROOPS-GR-S","","S","grey","","20","15","","5","LY","5","","","","","","","","true"
"lha-p015","hoops-for-troops-tee","LHA-TEE-TROOPS","LHA-TEE-TROOPS-GR-M","","M","grey","","20","15","","5","LY","5","","","","","","","","true"
"lha-p015","hoops-for-troops-tee","LHA-TEE-TROOPS","LHA-TEE-TROOPS-GR-L","","L","grey","","20","15","","5","LY","5","","","","","","","","true"
"lha-p015","hoops-for-troops-tee","LHA-TEE-TROOPS","LHA-TEE-TROOPS-GR-XL","","XL","grey","","20","15","","5","LY","5","","","","","","","","true"
"lha-p015","hoops-for-troops-tee","LHA-TEE-TROOPS","LHA-TEE-TROOPS-GR-XXL","","XXL","grey","","20","15","","5","LY","5","","","","","","","","true"
"lha-p016","hoopers-performance-tee","LHA-TEE-HOOPERS","LHA-TEE-HOOPERS-BL-XS","","XS","black","","20","15","","5","LY","5","","","","","","","","true"
"lha-p016","hoopers-performance-tee","LHA-TEE-HOOPERS","LHA-TEE-HOOPERS-BL-S","","S","black","","20","15","","5","LY","5","","","","","","","","true"
"lha-p016","hoopers-performance-tee","LHA-TEE-HOOPERS","LHA-TEE-HOOPERS-BL-M","","M","black","","20","15","","5","LY","5","","","","","","","","true"
"lha-p016","hoopers-performance-tee","LHA-TEE-HOOPERS","LHA-TEE-HOOPERS-BL-L","","L","black","","20","15","","5","LY","5","","","","","","","","true"
"lha-p016","hoopers-performance-tee","LHA-TEE-HOOPERS","LHA-TEE-HOOPERS-BL-XL","","XL","black","","20","15","","5","LY","5","","","","","","","","true"
"lha-p016","hoopers-performance-tee","LHA-TEE-HOOPERS","LHA-TEE-HOOPERS-BL-XXL","","XXL","black","","20","15","","5","LY","5","","","","","","","","true"
"lha-p016","hoopers-performance-tee","LHA-TEE-HOOPERS","LHA-TEE-HOOPERS-GR-XS","","XS","grey","","20","15","","5","LY","5","","","","","","","","true"
"lha-p016","hoopers-performance-tee","LHA-TEE-HOOPERS","LHA-TEE-HOOPERS-GR-S","","S","grey","","20","15","","5","LY","5","","","","","","","","true"
"lha-p016","hoopers-performance-tee","LHA-TEE-HOOPERS","LHA-TEE-HOOPERS-GR-M","","M","grey","","20","15","","5","LY","5","","","","","","","","true"
"lha-p016","hoopers-performance-tee","LHA-TEE-HOOPERS","LHA-TEE-HOOPERS-GR-L","","L","grey","","20","15","","5","LY","5","","","","","","","","true"
"lha-p016","hoopers-performance-tee","LHA-TEE-HOOPERS","LHA-TEE-HOOPERS-GR-XL","","XL","grey","","20","15","","5","LY","5","","","","","","","","true"
"lha-p016","hoopers-performance-tee","LHA-TEE-HOOPERS","LHA-TEE-HOOPERS-GR-XXL","","XXL","grey","","20","15","","5","LY","5","","","","","","","","true"
"lha-p017","hoopers-long-sleeve-performance","LHA-LS-HOOPERS","LHA-LS-HOOPERS-GR-XS","","XS","grey","","25","20","","5","LY","5","","","","","","","","true"
"lha-p017","hoopers-long-sleeve-performance","LHA-LS-HOOPERS","LHA-LS-HOOPERS-GR-S","","S","grey","","25","20","","5","LY","5","","","","","","","","true"
"lha-p017","hoopers-long-sleeve-performance","LHA-LS-HOOPERS","LHA-LS-HOOPERS-GR-M","","M","grey","","25","20","","5","LY","5","","","","","","","","true"
"lha-p017","hoopers-long-sleeve-performance","LHA-LS-HOOPERS","LHA-LS-HOOPERS-GR-L","","L","grey","","25","20","","5","LY","5","","","","","","","","true"
"lha-p017","hoopers-long-sleeve-performance","LHA-LS-HOOPERS","LHA-LS-HOOPERS-GR-XL","","XL","grey","","25","20","","5","LY","5","","","","","","","","true"
"lha-p017","hoopers-long-sleeve-performance","LHA-LS-HOOPERS","LHA-LS-HOOPERS-GR-XXL","","XXL","grey","","25","20","","5","LY","5","","","","","","","","true"
"lha-p017","hoopers-long-sleeve-performance","LHA-LS-HOOPERS","LHA-LS-HOOPERS-BL-XS","","XS","black","","25","20","","5","LY","5","","","","","","","","true"
"lha-p017","hoopers-long-sleeve-performance","LHA-LS-HOOPERS","LHA-LS-HOOPERS-BL-S","","S","black","","25","20","","5","LY","5","","","","","","","","true"
"lha-p017","hoopers-long-sleeve-performance","LHA-LS-HOOPERS","LHA-LS-HOOPERS-BL-M","","M","black","","25","20","","5","LY","5","","","","","","","","true"
"lha-p017","hoopers-long-sleeve-performance","LHA-LS-HOOPERS","LHA-LS-HOOPERS-BL-L","","L","black","","25","20","","5","LY","5","","","","","","","","true"
"lha-p017","hoopers-long-sleeve-performance","LHA-LS-HOOPERS","LHA-LS-HOOPERS-BL-XL","","XL","black","","25","20","","5","LY","5","","","","","","","","true"
"lha-p017","hoopers-long-sleeve-performance","LHA-LS-HOOPERS","LHA-LS-HOOPERS-BL-XXL","","XXL","black","","25","20","","5","LY","5","","","","","","","","true"
"lha-p018","lha-performance-shorts","LHA-SHT-PERF","LHA-SHT-PERF-BL-XS","","XS","black","","20","15","","5","LY","5","","","","","","","","true"
"lha-p018","lha-performance-shorts","LHA-SHT-PERF","LHA-SHT-PERF-BL-S","","S","black","","20","15","","5","LY","5","","","","","","","","true"
"lha-p018","lha-performance-shorts","LHA-SHT-PERF","LHA-SHT-PERF-BL-M","","M","black","","20","15","","5","LY","5","","","","","","","","true"
"lha-p018","lha-performance-shorts","LHA-SHT-PERF","LHA-SHT-PERF-BL-L","","L","black","","20","15","","5","LY","5","","","","","","","","true"
"lha-p018","lha-performance-shorts","LHA-SHT-PERF","LHA-SHT-PERF-BL-XL","","XL","black","","20","15","","5","LY","5","","","","","","","","true"
"lha-p018","lha-performance-shorts","LHA-SHT-PERF","LHA-SHT-PERF-BL-XXL","","XXL","black","","20","15","","5","LY","5","","","","","","","","true"
"lha-p019","lha-logo-performance-tee","LHA-TEE-LOGO","LHA-TEE-LOGO-BL-XS","","XS","black","","20","15","","5","LY","5","","","","","","","","true"
"lha-p019","lha-logo-performance-tee","LHA-TEE-LOGO","LHA-TEE-LOGO-BL-S","","S","black","","20","15","","5","LY","5","","","","","","","","true"
"lha-p019","lha-logo-performance-tee","LHA-TEE-LOGO","LHA-TEE-LOGO-BL-M","","M","black","","20","15","","5","LY","5","","","","","","","","true"
"lha-p019","lha-logo-performance-tee","LHA-TEE-LOGO","LHA-TEE-LOGO-BL-L","","L","black","","20","15","","5","LY","5","","","","","","","","true"
"lha-p019","lha-logo-performance-tee","LHA-TEE-LOGO","LHA-TEE-LOGO-BL-XL","","XL","black","","20","15","","5","LY","5","","","","","","","","true"
"lha-p019","lha-logo-performance-tee","LHA-TEE-LOGO","LHA-TEE-LOGO-BL-XXL","","XXL","black","","20","15","","5","LY","5","","","","","","","","true"
"lha-p019","lha-logo-performance-tee","LHA-TEE-LOGO","LHA-TEE-LOGO-GR-XS","","XS","grey","","20","15","","5","LY","5","","","","","","","","true"
"lha-p019","lha-logo-performance-tee","LHA-TEE-LOGO","LHA-TEE-LOGO-GR-S","","S","grey","","20","15","","5","LY","5","","","","","","","","true"
"lha-p019","lha-logo-performance-tee","LHA-TEE-LOGO","LHA-TEE-LOGO-GR-M","","M","grey","","20","15","","5","LY","5","","","","","","","","true"
"lha-p019","lha-logo-performance-tee","LHA-TEE-LOGO","LHA-TEE-LOGO-GR-L","","L","grey","","20","15","","5","LY","5","","","","","","","","true"
"lha-p019","lha-logo-performance-tee","LHA-TEE-LOGO","LHA-TEE-LOGO-GR-XL","","XL","grey","","20","15","","5","LY","5","","","","","","","","true"
"lha-p019","lha-logo-performance-tee","LHA-TEE-LOGO","LHA-TEE-LOGO-GR-XXL","","XXL","grey","","20","15","","5","LY","5","","","","","","","","true"
"lha-p020","libya-hoops-academy-tee","LHA-TEE-ACADEMY","LHA-TEE-ACADEMY-BL-XS","","XS","black","","20","15","","5","LY","5","","","","","","","","true"
"lha-p020","libya-hoops-academy-tee","LHA-TEE-ACADEMY","LHA-TEE-ACADEMY-BL-S","","S","black","","20","15","","5","LY","5","","","","","","","","true"
"lha-p020","libya-hoops-academy-tee","LHA-TEE-ACADEMY","LHA-TEE-ACADEMY-BL-M","","M","black","","20","15","","5","LY","5","","","","","","","","true"
"lha-p020","libya-hoops-academy-tee","LHA-TEE-ACADEMY","LHA-TEE-ACADEMY-BL-L","","L","black","","20","15","","5","LY","5","","","","","","","","true"
"lha-p020","libya-hoops-academy-tee","LHA-TEE-ACADEMY","LHA-TEE-ACADEMY-BL-XL","","XL","black","","20","15","","5","LY","5","","","","","","","","true"
"lha-p020","libya-hoops-academy-tee","LHA-TEE-ACADEMY","LHA-TEE-ACADEMY-BL-XXL","","XXL","black","","20","15","","5","LY","5","","","","","","","","true"
"lha-p020","libya-hoops-academy-tee","LHA-TEE-ACADEMY","LHA-TEE-ACADEMY-GR-XS","","XS","grey","","20","15","","5","LY","5","","","","","","","","true"
"lha-p020","libya-hoops-academy-tee","LHA-TEE-ACADEMY","LHA-TEE-ACADEMY-GR-S","","S","grey","","20","15","","5","LY","5","","","","","","","","true"
"lha-p020","libya-hoops-academy-tee","LHA-TEE-ACADEMY","LHA-TEE-ACADEMY-GR-M","","M","grey","","20","15","","5","LY","5","","","","","","","","true"
"lha-p020","libya-hoops-academy-tee","LHA-TEE-ACADEMY","LHA-TEE-ACADEMY-GR-L","","L","grey","","20","15","","5","LY","5","","","","","","","","true"
"lha-p020","libya-hoops-academy-tee","LHA-TEE-ACADEMY","LHA-TEE-ACADEMY-GR-XL","","XL","grey","","20","15","","5","LY","5","","","","","","","","true"
"lha-p020","libya-hoops-academy-tee","LHA-TEE-ACADEMY","LHA-TEE-ACADEMY-GR-XXL","","XXL","grey","","20","15","","5","LY","5","","","","","","","","true"
"lha-p021","lha-chest-logo-tank","LHA-TANK-CHEST","LHA-TANK-CHEST-WH-XS","","XS","white","","20","15","","5","LY","5","","","","","","","","true"
"lha-p021","lha-chest-logo-tank","LHA-TANK-CHEST","LHA-TANK-CHEST-WH-S","","S","white","","20","15","","5","LY","5","","","","","","","","true"
"lha-p021","lha-chest-logo-tank","LHA-TANK-CHEST","LHA-TANK-CHEST-WH-M","","M","white","","20","15","","5","LY","5","","","","","","","","true"
"lha-p021","lha-chest-logo-tank","LHA-TANK-CHEST","LHA-TANK-CHEST-WH-L","","L","white","","20","15","","5","LY","5","","","","","","","","true"
"lha-p021","lha-chest-logo-tank","LHA-TANK-CHEST","LHA-TANK-CHEST-WH-XL","","XL","white","","20","15","","5","LY","5","","","","","","","","true"
"lha-p021","lha-chest-logo-tank","LHA-TANK-CHEST","LHA-TANK-CHEST-WH-XXL","","XXL","white","","20","15","","5","LY","5","","","","","","","","true"
"lha-p021","lha-chest-logo-tank","LHA-TANK-CHEST","LHA-TANK-CHEST-BL-XS","","XS","black","","20","15","","5","LY","5","","","","","","","","true"
"lha-p021","lha-chest-logo-tank","LHA-TANK-CHEST","LHA-TANK-CHEST-BL-S","","S","black","","20","15","","5","LY","5","","","","","","","","true"
"lha-p021","lha-chest-logo-tank","LHA-TANK-CHEST","LHA-TANK-CHEST-BL-M","","M","black","","20","15","","5","LY","5","","","","","","","","true"
"lha-p021","lha-chest-logo-tank","LHA-TANK-CHEST","LHA-TANK-CHEST-BL-L","","L","black","","20","15","","5","LY","5","","","","","","","","true"
"lha-p021","lha-chest-logo-tank","LHA-TANK-CHEST","LHA-TANK-CHEST-BL-XL","","XL","black","","20","15","","5","LY","5","","","","","","","","true"
"lha-p021","lha-chest-logo-tank","LHA-TANK-CHEST","LHA-TANK-CHEST-BL-XXL","","XXL","black","","20","15","","5","LY","5","","","","","","","","true"
"lha-p022","lha-center-logo-tank","LHA-TANK-CENTER","LHA-TANK-CENTER-WH-XS","","XS","white","","20","15","","5","LY","5","","","","","","","","true"
"lha-p022","lha-center-logo-tank","LHA-TANK-CENTER","LHA-TANK-CENTER-WH-S","","S","white","","20","15","","5","LY","5","","","","","","","","true"
"lha-p022","lha-center-logo-tank","LHA-TANK-CENTER","LHA-TANK-CENTER-WH-M","","M","white","","20","15","","5","LY","5","","","","","","","","true"
"lha-p022","lha-center-logo-tank","LHA-TANK-CENTER","LHA-TANK-CENTER-WH-L","","L","white","","20","15","","5","LY","5","","","","","","","","true"
"lha-p022","lha-center-logo-tank","LHA-TANK-CENTER","LHA-TANK-CENTER-WH-XL","","XL","white","","20","15","","5","LY","5","","","","","","","","true"
"lha-p022","lha-center-logo-tank","LHA-TANK-CENTER","LHA-TANK-CENTER-WH-XXL","","XXL","white","","20","15","","5","LY","5","","","","","","","","true"
"lha-p022","lha-center-logo-tank","LHA-TANK-CENTER","LHA-TANK-CENTER-BL-XS","","XS","black","","20","15","","5","LY","5","","","","","","","","true"
"lha-p022","lha-center-logo-tank","LHA-TANK-CENTER","LHA-TANK-CENTER-BL-S","","S","black","","20","15","","5","LY","5","","","","","","","","true"
"lha-p022","lha-center-logo-tank","LHA-TANK-CENTER","LHA-TANK-CENTER-BL-M","","M","black","","20","15","","5","LY","5","","","","","","","","true"
"lha-p022","lha-center-logo-tank","LHA-TANK-CENTER","LHA-TANK-CENTER-BL-L","","L","black","","20","15","","5","LY","5","","","","","","","","true"
"lha-p022","lha-center-logo-tank","LHA-TANK-CENTER","LHA-TANK-CENTER-BL-XL","","XL","black","","20","15","","5","LY","5","","","","","","","","true"
"lha-p022","lha-center-logo-tank","LHA-TANK-CENTER","LHA-TANK-CENTER-BL-XXL","","XXL","black","","20","15","","5","LY","5","","","","","","","","true"
"lha-p023","lha-compression-long-sleeve","LHA-COMP-LS","LHA-COMP-LS-WH-XS","","XS","white","","20","15","","5","LY","5","","","","","","","","true"
"lha-p023","lha-compression-long-sleeve","LHA-COMP-LS","LHA-COMP-LS-WH-S","","S","white","","20","15","","5","LY","5","","","","","","","","true"
"lha-p023","lha-compression-long-sleeve","LHA-COMP-LS","LHA-COMP-LS-WH-M","","M","white","","20","15","","5","LY","5","","","","","","","","true"
"lha-p023","lha-compression-long-sleeve","LHA-COMP-LS","LHA-COMP-LS-WH-L","","L","white","","20","15","","5","LY","5","","","","","","","","true"
"lha-p023","lha-compression-long-sleeve","LHA-COMP-LS","LHA-COMP-LS-WH-XL","","XL","white","","20","15","","5","LY","5","","","","","","","","true"
"lha-p023","lha-compression-long-sleeve","LHA-COMP-LS","LHA-COMP-LS-WH-XXL","","XXL","white","","20","15","","5","LY","5","","","","","","","","true"
"lha-p023","lha-compression-long-sleeve","LHA-COMP-LS","LHA-COMP-LS-BL-XS","","XS","black","","20","15","","5","LY","5","","","","","","","","true"
"lha-p023","lha-compression-long-sleeve","LHA-COMP-LS","LHA-COMP-LS-BL-S","","S","black","","20","15","","5","LY","5","","","","","","","","true"
"lha-p023","lha-compression-long-sleeve","LHA-COMP-LS","LHA-COMP-LS-BL-M","","M","black","","20","15","","5","LY","5","","","","","","","","true"
"lha-p023","lha-compression-long-sleeve","LHA-COMP-LS","LHA-COMP-LS-BL-L","","L","black","","20","15","","5","LY","5","","","","","","","","true"
"lha-p023","lha-compression-long-sleeve","LHA-COMP-LS","LHA-COMP-LS-BL-XL","","XL","black","","20","15","","5","LY","5","","","","","","","","true"
"lha-p023","lha-compression-long-sleeve","LHA-COMP-LS","LHA-COMP-LS-BL-XXL","","XXL","black","","20","15","","5","LY","5","","","","","","","","true"
"lha-p024","lha-full-length-compression-tights","LHA-CMP-FULL","LHA-CMP-FULL-BL-S","","S","black","","20","15","","5","LY","5","","","","","","","","true"
"lha-p024","lha-full-length-compression-tights","LHA-CMP-FULL","LHA-CMP-FULL-BL-M","","M","black","","20","15","","5","LY","5","","","","","","","","true"
"lha-p024","lha-full-length-compression-tights","LHA-CMP-FULL","LHA-CMP-FULL-BL-L","","L","black","","20","15","","5","LY","5","","","","","","","","true"
"lha-p024","lha-full-length-compression-tights","LHA-CMP-FULL","LHA-CMP-FULL-BL-XL","","XL","black","","20","15","","5","LY","5","","","","","","","","true"
"lha-p024","lha-full-length-compression-tights","LHA-CMP-FULL","LHA-CMP-FULL-WH-S","","S","white","","20","15","","5","LY","5","","","","","","","","true"
"lha-p024","lha-full-length-compression-tights","LHA-CMP-FULL","LHA-CMP-FULL-WH-M","","M","white","","20","15","","5","LY","5","","","","","","","","true"
"lha-p024","lha-full-length-compression-tights","LHA-CMP-FULL","LHA-CMP-FULL-WH-L","","L","white","","20","15","","5","LY","5","","","","","","","","true"
"lha-p024","lha-full-length-compression-tights","LHA-CMP-FULL","LHA-CMP-FULL-WH-XL","","XL","white","","20","15","","5","LY","5","","","","","","","","true"
"lha-p025","lha-one-leg-compression-tights","LHA-CMP-ONELEG","LHA-CMP-ONELEG-BL-S","","S","black","","20","15","","5","LY","5","","","","","","","","true"
"lha-p025","lha-one-leg-compression-tights","LHA-CMP-ONELEG","LHA-CMP-ONELEG-BL-M","","M","black","","20","15","","5","LY","5","","","","","","","","true"
"lha-p025","lha-one-leg-compression-tights","LHA-CMP-ONELEG","LHA-CMP-ONELEG-BL-L","","L","black","","20","15","","5","LY","5","","","","","","","","true"
"lha-p025","lha-one-leg-compression-tights","LHA-CMP-ONELEG","LHA-CMP-ONELEG-BL-XL","","XL","black","","20","15","","5","LY","5","","","","","","","","true"
"lha-p025","lha-one-leg-compression-tights","LHA-CMP-ONELEG","LHA-CMP-ONELEG-WH-S","","S","white","","20","15","","5","LY","5","","","","","","","","true"
"lha-p025","lha-one-leg-compression-tights","LHA-CMP-ONELEG","LHA-CMP-ONELEG-WH-M","","M","white","","20","15","","5","LY","5","","","","","","","","true"
"lha-p025","lha-one-leg-compression-tights","LHA-CMP-ONELEG","LHA-CMP-ONELEG-WH-L","","L","white","","20","15","","5","LY","5","","","","","","","","true"
"lha-p025","lha-one-leg-compression-tights","LHA-CMP-ONELEG","LHA-CMP-ONELEG-WH-XL","","XL","white","","20","15","","5","LY","5","","","","","","","","true"
"lha-p026","lha-sleeve-logo-performance-tee","LHA-TEE-SLEEVE","LHA-TEE-SLEEVE-BL-XS","","XS","black","","20","15","","5","LY","5","","","","","","","","true"
"lha-p026","lha-sleeve-logo-performance-tee","LHA-TEE-SLEEVE","LHA-TEE-SLEEVE-BL-S","","S","black","","20","15","","5","LY","5","","","","","","","","true"
"lha-p026","lha-sleeve-logo-performance-tee","LHA-TEE-SLEEVE","LHA-TEE-SLEEVE-BL-M","","M","black","","20","15","","5","LY","5","","","","","","","","true"
"lha-p026","lha-sleeve-logo-performance-tee","LHA-TEE-SLEEVE","LHA-TEE-SLEEVE-BL-L","","L","black","","20","15","","5","LY","5","","","","","","","","true"
"lha-p026","lha-sleeve-logo-performance-tee","LHA-TEE-SLEEVE","LHA-TEE-SLEEVE-BL-XL","","XL","black","","20","15","","5","LY","5","","","","","","","","true"
"lha-p026","lha-sleeve-logo-performance-tee","LHA-TEE-SLEEVE","LHA-TEE-SLEEVE-BL-XXL","","XXL","black","","20","15","","5","LY","5","","","","","","","","true"
"lha-p026","lha-sleeve-logo-performance-tee","LHA-TEE-SLEEVE","LHA-TEE-SLEEVE-WH-XS","","XS","white","","20","15","","5","LY","5","","","","","","","","true"
"lha-p026","lha-sleeve-logo-performance-tee","LHA-TEE-SLEEVE","LHA-TEE-SLEEVE-WH-S","","S","white","","20","15","","5","LY","5","","","","","","","","true"
"lha-p026","lha-sleeve-logo-performance-tee","LHA-TEE-SLEEVE","LHA-TEE-SLEEVE-WH-M","","M","white","","20","15","","5","LY","5","","","","","","","","true"
"lha-p026","lha-sleeve-logo-performance-tee","LHA-TEE-SLEEVE","LHA-TEE-SLEEVE-WH-L","","L","white","","20","15","","5","LY","5","","","","","","","","true"
"lha-p026","lha-sleeve-logo-performance-tee","LHA-TEE-SLEEVE","LHA-TEE-SLEEVE-WH-XL","","XL","white","","20","15","","5","LY","5","","","","","","","","true"
"lha-p026","lha-sleeve-logo-performance-tee","LHA-TEE-SLEEVE","LHA-TEE-SLEEVE-WH-XXL","","XXL","white","","20","15","","5","LY","5","","","","","","","","true"
"lha-p027","lha-elite-basketball-backpack","LHA-BAG-ELITE","LHA-BAG-ELITE-BL-OneSize","","One Size","black","","0","0","","5","LY","5","","","","","","","","true"
"lha-p027","lha-elite-basketball-backpack","LHA-BAG-ELITE","LHA-BAG-ELITE-WH-OneSize","","One Size","white","","0","0","","5","LY","5","","","","","","","","true"
"lha-p027","lha-elite-basketball-backpack","LHA-BAG-ELITE","LHA-BAG-ELITE-CA-OneSize","","One Size","camo","","0","0","","5","LY","5","","","","","","","","true"
"lha-p028","lha-academy-everyday-backpack","LHA-BAG-ACADEMY","LHA-BAG-ACADEMY-BL-OneSize","","One Size","black","","0","0","","5","LY","5","","","","","","","","true"
"lha-p028","lha-academy-everyday-backpack","LHA-BAG-ACADEMY","LHA-BAG-ACADEMY-RE-OneSize","","One Size","red","","0","0","","5","LY","5","","","","","","","","true"
"lha-p028","lha-academy-everyday-backpack","LHA-BAG-ACADEMY","LHA-BAG-ACADEMY-BE-OneSize","","One Size","beige","","0","0","","5","LY","5","","","","","","","","true"
"lha-p030","lha-compression-shorts","LHA-CMP-SHORTS","LHA-CMP-SHORTS-BL-S","","S","black","","20","15","","5","LY","5","","","","","","","","true"
"lha-p030","lha-compression-shorts","LHA-CMP-SHORTS","LHA-CMP-SHORTS-BL-M","","M","black","","20","15","","5","LY","5","","","","","","","","true"
"lha-p030","lha-compression-shorts","LHA-CMP-SHORTS","LHA-CMP-SHORTS-BL-L","","L","black","","20","15","","5","LY","5","","","","","","","","true"
"lha-p030","lha-compression-shorts","LHA-CMP-SHORTS","LHA-CMP-SHORTS-BL-XL","","XL","black","","20","15","","5","LY","5","","","","","","","","true"
"lha-p030","lha-compression-shorts","LHA-CMP-SHORTS","LHA-CMP-SHORTS-WH-S","","S","white","","20","15","","5","LY","5","","","","","","","","true"
"lha-p030","lha-compression-shorts","LHA-CMP-SHORTS","LHA-CMP-SHORTS-WH-M","","M","white","","20","15","","5","LY","5","","","","","","","","true"
"lha-p030","lha-compression-shorts","LHA-CMP-SHORTS","LHA-CMP-SHORTS-WH-L","","L","white","","20","15","","5","LY","5","","","","","","","","true"
"lha-p030","lha-compression-shorts","LHA-CMP-SHORTS","LHA-CMP-SHORTS-WH-XL","","XL","white","","20","15","","5","LY","5","","","","","","","","true"
"lha-p031","lha-performance-basketball-socks","LHA-SOCK-PERF","LHA-SOCK-PERF-BL-SM","","S/M","black","","5","0","","5","LY","5","","","","","","","","true"
"lha-p031","lha-performance-basketball-socks","LHA-SOCK-PERF","LHA-SOCK-PERF-BL-LXL","","L/XL","black","","5","0","","5","LY","5","","","","","","","","true"
"lha-p031","lha-performance-basketball-socks","LHA-SOCK-PERF","LHA-SOCK-PERF-WH-SM","","S/M","white","","5","0","","5","LY","5","","","","","","","","true"
"lha-p031","lha-performance-basketball-socks","LHA-SOCK-PERF","LHA-SOCK-PERF-WH-LXL","","L/XL","white","","5","0","","5","LY","5","","","","","","","","true"
"lha-p029","lha-premium-fleece-set","LHA-FLC-PREMIUM","LHA-FLC-PREMIUM-BL-XS","","XS","black","","0","0","","5","LY","5","","","","","","","","true"
"lha-p029","lha-premium-fleece-set","LHA-FLC-PREMIUM","LHA-FLC-PREMIUM-BL-S","","S","black","","0","0","","5","LY","5","","","","","","","","true"
"lha-p029","lha-premium-fleece-set","LHA-FLC-PREMIUM","LHA-FLC-PREMIUM-BL-M","","M","black","","0","0","","5","LY","5","","","","","","","","true"
"lha-p029","lha-premium-fleece-set","LHA-FLC-PREMIUM","LHA-FLC-PREMIUM-BL-L","","L","black","","0","0","","5","LY","5","","","","","","","","true"
"lha-p029","lha-premium-fleece-set","LHA-FLC-PREMIUM","LHA-FLC-PREMIUM-BL-XL","","XL","black","","0","0","","5","LY","5","","","","","","","","true"
"lha-p029","lha-premium-fleece-set","LHA-FLC-PREMIUM","LHA-FLC-PREMIUM-BL-XXL","","XXL","black","","0","0","","5","LY","5","","","","","","","","true"
"lha-p029","lha-premium-fleece-set","LHA-FLC-PREMIUM","LHA-FLC-PREMIUM-GR-XS","","XS","grey","","0","0","","5","LY","5","","","","","","","","true"
"lha-p029","lha-premium-fleece-set","LHA-FLC-PREMIUM","LHA-FLC-PREMIUM-GR-S","","S","grey","","0","0","","5","LY","5","","","","","","","","true"
"lha-p029","lha-premium-fleece-set","LHA-FLC-PREMIUM","LHA-FLC-PREMIUM-GR-M","","M","grey","","0","0","","5","LY","5","","","","","","","","true"
"lha-p029","lha-premium-fleece-set","LHA-FLC-PREMIUM","LHA-FLC-PREMIUM-GR-L","","L","grey","","0","0","","5","LY","5","","","","","","","","true"
"lha-p029","lha-premium-fleece-set","LHA-FLC-PREMIUM","LHA-FLC-PREMIUM-GR-XL","","XL","grey","","0","0","","5","LY","5","","","","","","","","true"
"lha-p029","lha-premium-fleece-set","LHA-FLC-PREMIUM","LHA-FLC-PREMIUM-GR-XXL","","XXL","grey","","0","0","","5","LY","5","","","","","","","","true"
"lha-p029","lha-premium-fleece-set","LHA-FLC-PREMIUM","LHA-FLC-PREMIUM-CR-XS","","XS","cream","","0","0","","5","LY","5","","","","","","","","true"
"lha-p029","lha-premium-fleece-set","LHA-FLC-PREMIUM","LHA-FLC-PREMIUM-CR-S","","S","cream","","0","0","","5","LY","5","","","","","","","","true"
"lha-p029","lha-premium-fleece-set","LHA-FLC-PREMIUM","LHA-FLC-PREMIUM-CR-M","","M","cream","","0","0","","5","LY","5","","","","","","","","true"
"lha-p029","lha-premium-fleece-set","LHA-FLC-PREMIUM","LHA-FLC-PREMIUM-CR-L","","L","cream","","0","0","","5","LY","5","","","","","","","","true"
"lha-p029","lha-premium-fleece-set","LHA-FLC-PREMIUM","LHA-FLC-PREMIUM-CR-XL","","XL","cream","","0","0","","5","LY","5","","","","","","","","true"
"lha-p029","lha-premium-fleece-set","LHA-FLC-PREMIUM","LHA-FLC-PREMIUM-CR-XXL","","XXL","cream","","0","0","","5","LY","5","","","","","","","","true"
"lha-p032","own-the-game-essential-tee","LHA-TEE-OTG","LHA-TEE-OTG-BL-XS","","XS","black","","0","0","","5","LY","5","","","","","","","","true"
"lha-p032","own-the-game-essential-tee","LHA-TEE-OTG","LHA-TEE-OTG-BL-S","","S","black","","0","0","","5","LY","5","","","","","","","","true"
"lha-p032","own-the-game-essential-tee","LHA-TEE-OTG","LHA-TEE-OTG-BL-M","","M","black","","0","0","","5","LY","5","","","","","","","","true"
"lha-p032","own-the-game-essential-tee","LHA-TEE-OTG","LHA-TEE-OTG-BL-L","","L","black","","0","0","","5","LY","5","","","","","","","","true"
"lha-p032","own-the-game-essential-tee","LHA-TEE-OTG","LHA-TEE-OTG-BL-XL","","XL","black","","0","0","","5","LY","5","","","","","","","","true"
"lha-p032","own-the-game-essential-tee","LHA-TEE-OTG","LHA-TEE-OTG-BL-XXL","","XXL","black","","0","0","","5","LY","5","","","","","","","","true"
"lha-p032","own-the-game-essential-tee","LHA-TEE-OTG","LHA-TEE-OTG-GR-XS","","XS","grey","","0","0","","5","LY","5","","","","","","","","true"
"lha-p032","own-the-game-essential-tee","LHA-TEE-OTG","LHA-TEE-OTG-GR-S","","S","grey","","0","0","","5","LY","5","","","","","","","","true"
"lha-p032","own-the-game-essential-tee","LHA-TEE-OTG","LHA-TEE-OTG-GR-M","","M","grey","","0","0","","5","LY","5","","","","","","","","true"
"lha-p032","own-the-game-essential-tee","LHA-TEE-OTG","LHA-TEE-OTG-GR-L","","L","grey","","0","0","","5","LY","5","","","","","","","","true"
"lha-p032","own-the-game-essential-tee","LHA-TEE-OTG","LHA-TEE-OTG-GR-XL","","XL","grey","","0","0","","5","LY","5","","","","","","","","true"
"lha-p032","own-the-game-essential-tee","LHA-TEE-OTG","LHA-TEE-OTG-GR-XXL","","XXL","grey","","0","0","","5","LY","5","","","","","","","","true"
"lha-p032","own-the-game-essential-tee","LHA-TEE-OTG","LHA-TEE-OTG-WH-XS","","XS","white","","0","0","","5","LY","5","","","","","","","","true"
"lha-p032","own-the-game-essential-tee","LHA-TEE-OTG","LHA-TEE-OTG-WH-S","","S","white","","0","0","","5","LY","5","","","","","","","","true"
"lha-p032","own-the-game-essential-tee","LHA-TEE-OTG","LHA-TEE-OTG-WH-M","","M","white","","0","0","","5","LY","5","","","","","","","","true"
"lha-p032","own-the-game-essential-tee","LHA-TEE-OTG","LHA-TEE-OTG-WH-L","","L","white","","0","0","","5","LY","5","","","","","","","","true"
"lha-p032","own-the-game-essential-tee","LHA-TEE-OTG","LHA-TEE-OTG-WH-XL","","XL","white","","0","0","","5","LY","5","","","","","","","","true"
"lha-p032","own-the-game-essential-tee","LHA-TEE-OTG","LHA-TEE-OTG-WH-XXL","","XXL","white","","0","0","","5","LY","5","","","","","","","","true"
"lha-p033","own-the-game-sleeveless-top","LHA-TOP-OTG","LHA-TOP-OTG-BL-XS","","XS","black","","0","0","","5","LY","5","","","","","","","","true"
"lha-p033","own-the-game-sleeveless-top","LHA-TOP-OTG","LHA-TOP-OTG-BL-S","","S","black","","0","0","","5","LY","5","","","","","","","","true"
"lha-p033","own-the-game-sleeveless-top","LHA-TOP-OTG","LHA-TOP-OTG-BL-M","","M","black","","0","0","","5","LY","5","","","","","","","","true"
"lha-p033","own-the-game-sleeveless-top","LHA-TOP-OTG","LHA-TOP-OTG-BL-L","","L","black","","0","0","","5","LY","5","","","","","","","","true"
"lha-p033","own-the-game-sleeveless-top","LHA-TOP-OTG","LHA-TOP-OTG-BL-XL","","XL","black","","0","0","","5","LY","5","","","","","","","","true"
"lha-p033","own-the-game-sleeveless-top","LHA-TOP-OTG","LHA-TOP-OTG-BL-XXL","","XXL","black","","0","0","","5","LY","5","","","","","","","","true"
"lha-p033","own-the-game-sleeveless-top","LHA-TOP-OTG","LHA-TOP-OTG-WH-XS","","XS","white","","0","0","","5","LY","5","","","","","","","","true"
"lha-p033","own-the-game-sleeveless-top","LHA-TOP-OTG","LHA-TOP-OTG-WH-S","","S","white","","0","0","","5","LY","5","","","","","","","","true"
"lha-p033","own-the-game-sleeveless-top","LHA-TOP-OTG","LHA-TOP-OTG-WH-M","","M","white","","0","0","","5","LY","5","","","","","","","","true"
"lha-p033","own-the-game-sleeveless-top","LHA-TOP-OTG","LHA-TOP-OTG-WH-L","","L","white","","0","0","","5","LY","5","","","","","","","","true"
"lha-p033","own-the-game-sleeveless-top","LHA-TOP-OTG","LHA-TOP-OTG-WH-XL","","XL","white","","0","0","","5","LY","5","","","","","","","","true"
"lha-p033","own-the-game-sleeveless-top","LHA-TOP-OTG","LHA-TOP-OTG-WH-XXL","","XXL","white","","0","0","","5","LY","5","","","","","","","","true"
"lha-p033","own-the-game-sleeveless-top","LHA-TOP-OTG","LHA-TOP-OTG-GR-XS","","XS","grey","","0","0","","5","LY","5","","","","","","","","true"
"lha-p033","own-the-game-sleeveless-top","LHA-TOP-OTG","LHA-TOP-OTG-GR-S","","S","grey","","0","0","","5","LY","5","","","","","","","","true"
"lha-p033","own-the-game-sleeveless-top","LHA-TOP-OTG","LHA-TOP-OTG-GR-M","","M","grey","","0","0","","5","LY","5","","","","","","","","true"
"lha-p033","own-the-game-sleeveless-top","LHA-TOP-OTG","LHA-TOP-OTG-GR-L","","L","grey","","0","0","","5","LY","5","","","","","","","","true"
"lha-p033","own-the-game-sleeveless-top","LHA-TOP-OTG","LHA-TOP-OTG-GR-XL","","XL","grey","","0","0","","5","LY","5","","","","","","","","true"
"lha-p033","own-the-game-sleeveless-top","LHA-TOP-OTG","LHA-TOP-OTG-GR-XXL","","XXL","grey","","0","0","","5","LY","5","","","","","","","","true"
"lha-p034","own-the-game-zip-hoodie","LHA-HOOD-ZIP-OTG","LHA-HOOD-ZIP-OTG-BL-XS","","XS","black","","0","0","","5","LY","5","","","","","","","","true"
"lha-p034","own-the-game-zip-hoodie","LHA-HOOD-ZIP-OTG","LHA-HOOD-ZIP-OTG-BL-S","","S","black","","0","0","","5","LY","5","","","","","","","","true"
"lha-p034","own-the-game-zip-hoodie","LHA-HOOD-ZIP-OTG","LHA-HOOD-ZIP-OTG-BL-M","","M","black","","0","0","","5","LY","5","","","","","","","","true"
"lha-p034","own-the-game-zip-hoodie","LHA-HOOD-ZIP-OTG","LHA-HOOD-ZIP-OTG-BL-L","","L","black","","0","0","","5","LY","5","","","","","","","","true"
"lha-p034","own-the-game-zip-hoodie","LHA-HOOD-ZIP-OTG","LHA-HOOD-ZIP-OTG-BL-XL","","XL","black","","0","0","","5","LY","5","","","","","","","","true"
"lha-p034","own-the-game-zip-hoodie","LHA-HOOD-ZIP-OTG","LHA-HOOD-ZIP-OTG-BL-XXL","","XXL","black","","0","0","","5","LY","5","","","","","","","","true"
"lha-p034","own-the-game-zip-hoodie","LHA-HOOD-ZIP-OTG","LHA-HOOD-ZIP-OTG-GR-XS","","XS","grey","","0","0","","5","LY","5","","","","","","","","true"
"lha-p034","own-the-game-zip-hoodie","LHA-HOOD-ZIP-OTG","LHA-HOOD-ZIP-OTG-GR-S","","S","grey","","0","0","","5","LY","5","","","","","","","","true"
"lha-p034","own-the-game-zip-hoodie","LHA-HOOD-ZIP-OTG","LHA-HOOD-ZIP-OTG-GR-M","","M","grey","","0","0","","5","LY","5","","","","","","","","true"
"lha-p034","own-the-game-zip-hoodie","LHA-HOOD-ZIP-OTG","LHA-HOOD-ZIP-OTG-GR-L","","L","grey","","0","0","","5","LY","5","","","","","","","","true"
"lha-p034","own-the-game-zip-hoodie","LHA-HOOD-ZIP-OTG","LHA-HOOD-ZIP-OTG-GR-XL","","XL","grey","","0","0","","5","LY","5","","","","","","","","true"
"lha-p034","own-the-game-zip-hoodie","LHA-HOOD-ZIP-OTG","LHA-HOOD-ZIP-OTG-GR-XXL","","XXL","grey","","0","0","","5","LY","5","","","","","","","","true"
"lha-p034","own-the-game-zip-hoodie","LHA-HOOD-ZIP-OTG","LHA-HOOD-ZIP-OTG-CR-XS","","XS","cream","","0","0","","5","LY","5","","","","","","","","true"
"lha-p034","own-the-game-zip-hoodie","LHA-HOOD-ZIP-OTG","LHA-HOOD-ZIP-OTG-CR-S","","S","cream","","0","0","","5","LY","5","","","","","","","","true"
"lha-p034","own-the-game-zip-hoodie","LHA-HOOD-ZIP-OTG","LHA-HOOD-ZIP-OTG-CR-M","","M","cream","","0","0","","5","LY","5","","","","","","","","true"
"lha-p034","own-the-game-zip-hoodie","LHA-HOOD-ZIP-OTG","LHA-HOOD-ZIP-OTG-CR-L","","L","cream","","0","0","","5","LY","5","","","","","","","","true"
"lha-p034","own-the-game-zip-hoodie","LHA-HOOD-ZIP-OTG","LHA-HOOD-ZIP-OTG-CR-XL","","XL","cream","","0","0","","5","LY","5","","","","","","","","true"
"lha-p034","own-the-game-zip-hoodie","LHA-HOOD-ZIP-OTG","LHA-HOOD-ZIP-OTG-CR-XXL","","XXL","cream","","0","0","","5","LY","5","","","","","","","","true"
"lha-p035","own-the-game-crewneck","LHA-CREW-OTG","LHA-CREW-OTG-BL-XS","","XS","black","","0","0","","5","LY","5","","","","","","","","true"
"lha-p035","own-the-game-crewneck","LHA-CREW-OTG","LHA-CREW-OTG-BL-S","","S","black","","0","0","","5","LY","5","","","","","","","","true"
"lha-p035","own-the-game-crewneck","LHA-CREW-OTG","LHA-CREW-OTG-BL-M","","M","black","","0","0","","5","LY","5","","","","","","","","true"
"lha-p035","own-the-game-crewneck","LHA-CREW-OTG","LHA-CREW-OTG-BL-L","","L","black","","0","0","","5","LY","5","","","","","","","","true"
"lha-p035","own-the-game-crewneck","LHA-CREW-OTG","LHA-CREW-OTG-BL-XL","","XL","black","","0","0","","5","LY","5","","","","","","","","true"
"lha-p035","own-the-game-crewneck","LHA-CREW-OTG","LHA-CREW-OTG-BL-XXL","","XXL","black","","0","0","","5","LY","5","","","","","","","","true"
"lha-p035","own-the-game-crewneck","LHA-CREW-OTG","LHA-CREW-OTG-GR-XS","","XS","grey","","0","0","","5","LY","5","","","","","","","","true"
"lha-p035","own-the-game-crewneck","LHA-CREW-OTG","LHA-CREW-OTG-GR-S","","S","grey","","0","0","","5","LY","5","","","","","","","","true"
"lha-p035","own-the-game-crewneck","LHA-CREW-OTG","LHA-CREW-OTG-GR-M","","M","grey","","0","0","","5","LY","5","","","","","","","","true"
"lha-p035","own-the-game-crewneck","LHA-CREW-OTG","LHA-CREW-OTG-GR-L","","L","grey","","0","0","","5","LY","5","","","","","","","","true"
"lha-p035","own-the-game-crewneck","LHA-CREW-OTG","LHA-CREW-OTG-GR-XL","","XL","grey","","0","0","","5","LY","5","","","","","","","","true"
"lha-p035","own-the-game-crewneck","LHA-CREW-OTG","LHA-CREW-OTG-GR-XXL","","XXL","grey","","0","0","","5","LY","5","","","","","","","","true"
"lha-p035","own-the-game-crewneck","LHA-CREW-OTG","LHA-CREW-OTG-CR-XS","","XS","cream","","0","0","","5","LY","5","","","","","","","","true"
"lha-p035","own-the-game-crewneck","LHA-CREW-OTG","LHA-CREW-OTG-CR-S","","S","cream","","0","0","","5","LY","5","","","","","","","","true"
"lha-p035","own-the-game-crewneck","LHA-CREW-OTG","LHA-CREW-OTG-CR-M","","M","cream","","0","0","","5","LY","5","","","","","","","","true"
"lha-p035","own-the-game-crewneck","LHA-CREW-OTG","LHA-CREW-OTG-CR-L","","L","cream","","0","0","","5","LY","5","","","","","","","","true"
"lha-p035","own-the-game-crewneck","LHA-CREW-OTG","LHA-CREW-OTG-CR-XL","","XL","cream","","0","0","","5","LY","5","","","","","","","","true"
"lha-p035","own-the-game-crewneck","LHA-CREW-OTG","LHA-CREW-OTG-CR-XXL","","XXL","cream","","0","0","","5","LY","5","","","","","","","","true"
"lha-p036","own-the-game-fleece-shorts","LHA-SHORT-FLEECE-OTG","LHA-SHORT-FLEECE-OTG-BL-XS","","XS","black","","0","0","","5","LY","5","","","","","","","","true"
"lha-p036","own-the-game-fleece-shorts","LHA-SHORT-FLEECE-OTG","LHA-SHORT-FLEECE-OTG-BL-S","","S","black","","0","0","","5","LY","5","","","","","","","","true"
"lha-p036","own-the-game-fleece-shorts","LHA-SHORT-FLEECE-OTG","LHA-SHORT-FLEECE-OTG-BL-M","","M","black","","0","0","","5","LY","5","","","","","","","","true"
"lha-p036","own-the-game-fleece-shorts","LHA-SHORT-FLEECE-OTG","LHA-SHORT-FLEECE-OTG-BL-L","","L","black","","0","0","","5","LY","5","","","","","","","","true"
"lha-p036","own-the-game-fleece-shorts","LHA-SHORT-FLEECE-OTG","LHA-SHORT-FLEECE-OTG-BL-XL","","XL","black","","0","0","","5","LY","5","","","","","","","","true"
"lha-p036","own-the-game-fleece-shorts","LHA-SHORT-FLEECE-OTG","LHA-SHORT-FLEECE-OTG-BL-XXL","","XXL","black","","0","0","","5","LY","5","","","","","","","","true"
"lha-p036","own-the-game-fleece-shorts","LHA-SHORT-FLEECE-OTG","LHA-SHORT-FLEECE-OTG-CR-XS","","XS","cream","","0","0","","5","LY","5","","","","","","","","true"
"lha-p036","own-the-game-fleece-shorts","LHA-SHORT-FLEECE-OTG","LHA-SHORT-FLEECE-OTG-CR-S","","S","cream","","0","0","","5","LY","5","","","","","","","","true"
"lha-p036","own-the-game-fleece-shorts","LHA-SHORT-FLEECE-OTG","LHA-SHORT-FLEECE-OTG-CR-M","","M","cream","","0","0","","5","LY","5","","","","","","","","true"
"lha-p036","own-the-game-fleece-shorts","LHA-SHORT-FLEECE-OTG","LHA-SHORT-FLEECE-OTG-CR-L","","L","cream","","0","0","","5","LY","5","","","","","","","","true"
"lha-p036","own-the-game-fleece-shorts","LHA-SHORT-FLEECE-OTG","LHA-SHORT-FLEECE-OTG-CR-XL","","XL","cream","","0","0","","5","LY","5","","","","","","","","true"
"lha-p036","own-the-game-fleece-shorts","LHA-SHORT-FLEECE-OTG","LHA-SHORT-FLEECE-OTG-CR-XXL","","XXL","cream","","0","0","","5","LY","5","","","","","","","","true"
"lha-p037","own-the-game-pullover-hoodie","LHA-HOOD-PULL-OTG","LHA-HOOD-PULL-OTG-BL-XS","","XS","black","","0","0","","5","LY","5","","","","","","","","true"
"lha-p037","own-the-game-pullover-hoodie","LHA-HOOD-PULL-OTG","LHA-HOOD-PULL-OTG-BL-S","","S","black","","0","0","","5","LY","5","","","","","","","","true"
"lha-p037","own-the-game-pullover-hoodie","LHA-HOOD-PULL-OTG","LHA-HOOD-PULL-OTG-BL-M","","M","black","","0","0","","5","LY","5","","","","","","","","true"
"lha-p037","own-the-game-pullover-hoodie","LHA-HOOD-PULL-OTG","LHA-HOOD-PULL-OTG-BL-L","","L","black","","0","0","","5","LY","5","","","","","","","","true"
"lha-p037","own-the-game-pullover-hoodie","LHA-HOOD-PULL-OTG","LHA-HOOD-PULL-OTG-BL-XL","","XL","black","","0","0","","5","LY","5","","","","","","","","true"
"lha-p037","own-the-game-pullover-hoodie","LHA-HOOD-PULL-OTG","LHA-HOOD-PULL-OTG-BL-XXL","","XXL","black","","0","0","","5","LY","5","","","","","","","","true"
"lha-p037","own-the-game-pullover-hoodie","LHA-HOOD-PULL-OTG","LHA-HOOD-PULL-OTG-GR-XS","","XS","grey","","0","0","","5","LY","5","","","","","","","","true"
"lha-p037","own-the-game-pullover-hoodie","LHA-HOOD-PULL-OTG","LHA-HOOD-PULL-OTG-GR-S","","S","grey","","0","0","","5","LY","5","","","","","","","","true"
"lha-p037","own-the-game-pullover-hoodie","LHA-HOOD-PULL-OTG","LHA-HOOD-PULL-OTG-GR-M","","M","grey","","0","0","","5","LY","5","","","","","","","","true"
"lha-p037","own-the-game-pullover-hoodie","LHA-HOOD-PULL-OTG","LHA-HOOD-PULL-OTG-GR-L","","L","grey","","0","0","","5","LY","5","","","","","","","","true"
"lha-p037","own-the-game-pullover-hoodie","LHA-HOOD-PULL-OTG","LHA-HOOD-PULL-OTG-GR-XL","","XL","grey","","0","0","","5","LY","5","","","","","","","","true"
"lha-p037","own-the-game-pullover-hoodie","LHA-HOOD-PULL-OTG","LHA-HOOD-PULL-OTG-GR-XXL","","XXL","grey","","0","0","","5","LY","5","","","","","","","","true"
"lha-p037","own-the-game-pullover-hoodie","LHA-HOOD-PULL-OTG","LHA-HOOD-PULL-OTG-CR-XS","","XS","cream","","0","0","","5","LY","5","","","","","","","","true"
"lha-p037","own-the-game-pullover-hoodie","LHA-HOOD-PULL-OTG","LHA-HOOD-PULL-OTG-CR-S","","S","cream","","0","0","","5","LY","5","","","","","","","","true"
"lha-p037","own-the-game-pullover-hoodie","LHA-HOOD-PULL-OTG","LHA-HOOD-PULL-OTG-CR-M","","M","cream","","0","0","","5","LY","5","","","","","","","","true"
"lha-p037","own-the-game-pullover-hoodie","LHA-HOOD-PULL-OTG","LHA-HOOD-PULL-OTG-CR-L","","L","cream","","0","0","","5","LY","5","","","","","","","","true"
"lha-p037","own-the-game-pullover-hoodie","LHA-HOOD-PULL-OTG","LHA-HOOD-PULL-OTG-CR-XL","","XL","cream","","0","0","","5","LY","5","","","","","","","","true"
"lha-p037","own-the-game-pullover-hoodie","LHA-HOOD-PULL-OTG","LHA-HOOD-PULL-OTG-CR-XXL","","XXL","cream","","0","0","","5","LY","5","","","","","","","","true"
"lha-p038","own-the-game-fleece-pants","LHA-PANT-FLEECE-OTG","LHA-PANT-FLEECE-OTG-BL-XS","","XS","black","","0","0","","5","LY","5","","","","","","","","true"
"lha-p038","own-the-game-fleece-pants","LHA-PANT-FLEECE-OTG","LHA-PANT-FLEECE-OTG-BL-S","","S","black","","0","0","","5","LY","5","","","","","","","","true"
"lha-p038","own-the-game-fleece-pants","LHA-PANT-FLEECE-OTG","LHA-PANT-FLEECE-OTG-BL-M","","M","black","","0","0","","5","LY","5","","","","","","","","true"
"lha-p038","own-the-game-fleece-pants","LHA-PANT-FLEECE-OTG","LHA-PANT-FLEECE-OTG-BL-L","","L","black","","0","0","","5","LY","5","","","","","","","","true"
"lha-p038","own-the-game-fleece-pants","LHA-PANT-FLEECE-OTG","LHA-PANT-FLEECE-OTG-BL-XL","","XL","black","","0","0","","5","LY","5","","","","","","","","true"
"lha-p038","own-the-game-fleece-pants","LHA-PANT-FLEECE-OTG","LHA-PANT-FLEECE-OTG-BL-XXL","","XXL","black","","0","0","","5","LY","5","","","","","","","","true"
